"Clans","Clan_ancestor"
"CL0192","LUCA"
"CL0023","preLUCA"
"CL0190","LUCA"
"CL0108","preLUCA"
"CL0007","preLUCA"
"PF00015","postLUCA"
"CL0036","preLUCA"
"CL0465","postLUCA"
"CL0168","modern"
"CL0029","preLUCA"
"CL0159","preLUCA"
"CL0333","modern"
"PF00032","postLUCA"
"CL0328","preLUCA"
"CL0318","postLUCA"
"CL0196","postLUCA"
"CL0220","postLUCA"
"CL0344","preLUCA"
"CL0090","postLUCA"
"CL0497","postLUCA"
"CL0063","preLUCA"
"PF00045","postLUCA"
"CL0005","postLUCA"
"CL0056","postLUCA"
"CL0030","preLUCA"
"PF00067","LUCA"
"CL0016","preLUCA"
"CL0304","preLUCA"
"CL0219","preLUCA"
"CL0221","LUCA"
"CL0027","postLUCA"
"PF00079","postLUCA"
"PF00080","postLUCA"
"PF00081","LUCA"
"PF00082","LUCA"
"CL0015","preLUCA"
"CL0172","preLUCA"
"CL0124","LUCA"
"CL0128","preLUCA"
"CL0361","modern"
"PF00101","modern"
"CL0031","preLUCA"
"CL0046","preLUCA"
"CL0486","preLUCA"
"CL0125","preLUCA"
"CL0327","LUCA"
"CL0714","postLUCA"
"CL0026","preLUCA"
"CL0014","preLUCA"
"PF00118","modern"
"PF00119","modern"
"CL0286","LUCA"
"PF00122","LUCA"
"PF00124","modern"
"CL0123","preLUCA"
"CL0536","preLUCA"
"CL0039","preLUCA"
"CL0028","preLUCA"
"CL0194","LUCA"
"PF00137","postLUCA"
"PF00140","postLUCA"
"CL0617","postLUCA"
"CL0013","LUCA"
"CL0425","preLUCA"
"CL0043","preLUCA"
"CL0163","preLUCA"
"CL0040","preLUCA"
"CL0061","preLUCA"
"CL0533","LUCA"
"CL0475","LUCA"
"PF00162","postLUCA"
"CL0492","LUCA"
"CL0021","preLUCA"
"CL0296","preLUCA"
"CL0099","LUCA"
"PF00173","postLUCA"
"CL0072","preLUCA"
"CL0091","LUCA"
"PF00177","unclassifiable"
"CL0270","LUCA"
"CL0037","postLUCA"
"PF00183","postLUCA"
"CL0387","LUCA"
"CL0659","LUCA"
"PF00189","modern"
"PF00194","postLUCA"
"CL0149","LUCA"
"PF00199","postLUCA"
"CL0113","preLUCA"
"PF00203","unclassifiable"
"CL0329","preLUCA"
"PF00206","LUCA"
"CL0062","preLUCA"
"CL0044","preLUCA"
"CL0276","LUCA"
"CL0255","postLUCA"
"CL0548","postLUCA"
"PF00221","postLUCA"
"PF00223","modern"
"CL0392","LUCA"
"CL0052","preLUCA"
"CL0716","LUCA"
"PF00231","postLUCA"
"PF00237","postLUCA"
"PF00238","postLUCA"
"PF00239","unclassifiable"
"CL0088","preLUCA"
"CL0105","preLUCA"
"CL0143","LUCA"
"PF00253","unclassifiable"
"CL0487","LUCA"
"CL0042","LUCA"
"PF00263","postLUCA"
"CL0205","postLUCA"
"CL0193","postLUCA"
"PF00269","modern"
"CL0290","postLUCA"
"PF00276","postLUCA"
"CL0652","modern"
"PF00283","modern"
"PF00284","modern"
"PF00285","unclassifiable"
"CL0261","LUCA"
"CL0118","LUCA"
"CL0268","preLUCA"
"PF00298","postLUCA"
"CL0071","LUCA"
"CL0045","LUCA"
"PF00303","postLUCA"
"PF00305","modern"
"PF00306","modern"
"PF00309","modern"
"CL0600","unclassifiable"
"CL0293","postLUCA"
"CL0171","LUCA"
"PF00317","postLUCA"
"CL0067","LUCA"
"PF00327","unclassifiable"
"PF00329","unclassifiable"
"PF00330","LUCA"
"PF00334","modern"
"PF00338","postLUCA"
"CL0376","modern"
"PF00346","LUCA"
"PF00347","LUCA"
"CL0613","LUCA"
"PF00351","postLUCA"
"CL0407","LUCA"
"CL0592","postLUCA"
"CL0516","LUCA"
"CL0340","postLUCA"
"CL0161","LUCA"
"CL0240","LUCA"
"PF00367","modern"
"PF00368","LUCA"
"PF00374","preLUCA"
"PF00375","postLUCA"
"CL0127","preLUCA"
"PF00381","postLUCA"
"CL0065","postLUCA"
"CL0109","preLUCA"
"PF00384","LUCA"
"CL0603","LUCA"
"CL0364","preLUCA"
"CL0106","preLUCA"
"PF00395","postLUCA"
"CL0186","preLUCA"
"CL0753","modern"
"CL0704","modern"
"PF00408","postLUCA"
"PF00410","modern"
"CL0267","LUCA"
"CL0126","preLUCA"
"CL0303","LUCA"
"CL0204","modern"
"PF00420","LUCA"
"PF00421","modern"
"PF00425","postLUCA"
"PF00427","modern"
"PF00428","postLUCA"
"CL0164","unclassifiable"
"CL0059","LUCA"
"PF00438","LUCA"
"CL0087","LUCA"
"PF00444","postLUCA"
"PF00445","modern"
"PF00453","modern"
"CL0254","preLUCA"
"CL0004","preLUCA"
"PF00460","postLUCA"
"CL0224","preLUCA"
"PF00466","LUCA"
"CL0010","preLUCA"
"PF00468","postLUCA"
"CL0167","preLUCA"
"CL0337","postLUCA"
"PF00476","unclassifiable"
"CL0238","LUCA"
"PF00482","postLUCA"
"CL0110","preLUCA"
"PF00484","LUCA"
"CL0713","postLUCA"
"CL0302","preLUCA"
"CL0177","preLUCA"
"CL0357","postLUCA"
"PF00499","postLUCA"
"CL0378","preLUCA"
"PF00504","modern"
"PF00507","postLUCA"
"PF00510","LUCA"
"CL0025","preLUCA"
"CL0020","preLUCA"
"PF00521","postLUCA"
"CL0404","preLUCA"
"CL0144","preLUCA"
"CL0459","postLUCA"
"CL0003","modern"
"PF00542","postLUCA"
"CL0089","preLUCA"
"PF00545","postLUCA"
"PF00547","postLUCA"
"CL0506","preLUCA"
"CL0314","postLUCA"
"PF00551","LUCA"
"CL0203","postLUCA"
"PF00556","unclassifiable"
"PF00557","LUCA"
"CL0022","preLUCA"
"CL0410","unclassifiable"
"CL0426","LUCA"
"PF00571","postLUCA"
"PF00572","unclassifiable"
"PF00573","LUCA"
"CL0287","LUCA"
"CL0257","preLUCA"
"PF00584","unclassifiable"
"CL0070","LUCA"
"PF00586","preLUCA"
"CL0098","LUCA"
"CL0382","LUCA"
"PF00590","LUCA"
"PF00591","LUCA"
"CL0466","preLUCA"
"PF00596","LUCA"
"CL0479","LUCA"
"PF00623","unclassifiable"
"CL0198","preLUCA"
"CL0539","unclassifiable"
"CL0271","modern"
"CL0066","postLUCA"
"PF00654","LUCA"
"CL0093","preLUCA"
"CL0264","LUCA"
"PF00662","LUCA"
"CL0241","postLUCA"
"PF00669","postLUCA"
"CL0681","LUCA"
"PF00673","unclassifiable"
"CL0094","LUCA"
"CL0437","LUCA"
"PF00684","LUCA"
"CL0369","preLUCA"
"PF00687","postLUCA"
"PF00689","LUCA"
"PF00690","preLUCA"
"PF00691","postLUCA"
"CL0153","LUCA"
"PF00696","LUCA"
"CL0323","postLUCA"
"PF00699","postLUCA"
"PF00700","postLUCA"
"CL0137","preLUCA"
"CL0060","unclassifiable"
"PF00707","unclassifiable"
"CL0622","LUCA"
"PF00710","postLUCA"
"CL0299","LUCA"
"PF00719","unclassifiable"
"PF00720","modern"
"PF00736","postLUCA"
"PF00737","modern"
"PF00741","postLUCA"
"CL0139","preLUCA"
"PF00745","unclassifiable"
"PF00746","postLUCA"
"CL0280","preLUCA"
"CL0381","preLUCA"
"CL0202","LUCA"
"CL0055","postLUCA"
"PF00771","postLUCA"
"PF00772","postLUCA"
"PF00773","unclassifiable"
"PF00795","LUCA"
"CL0505","LUCA"
"CL0012","unclassifiable"
"PF00813","modern"
"PF00816","modern"
"PF00817","postLUCA"
"CL0374","postLUCA"
"CL0352","modern"
"CL0588","unclassifiable"
"PF00829","modern"
"PF00830","postLUCA"
"CL0346","postLUCA"
"PF00832","postLUCA"
"PF00833","postLUCA"
"PF00839","modern"
"CL0081","postLUCA"
"CL0209","preLUCA"
"CL0649","preLUCA"
"CL0489","LUCA"
"PF00857","LUCA"
"CL0051","preLUCA"
"CL0464","LUCA"
"CL0322","LUCA"
"CL0166","modern"
"CL0529","preLUCA"
"CL0368","preLUCA"
"PF00885","unclassifiable"
"PF00886","postLUCA"
"CL0632","modern"
"PF00889","postLUCA"
"CL0184","preLUCA"
"PF00902","postLUCA"
"CL0104","preLUCA"
"PF00909","LUCA"
"PF00920","LUCA"
"PF00925","postLUCA"
"PF00926","postLUCA"
"PF00936","postLUCA"
"CL0182","preLUCA"
"CL0077","postLUCA"
"CL0142","preLUCA"
"PF00953","postLUCA"
"PF00958","postLUCA"
"CL0324","LUCA"
"PF00986","modern"
"CL0183","preLUCA"
"PF00994","LUCA"
"CL0064","preLUCA"
"PF01000","unclassifiable"
"PF01010","postLUCA"
"CL0334","LUCA"
"PF01015","postLUCA"
"PF01016","unclassifiable"
"PF01018","postLUCA"
"PF01025","LUCA"
"CL0453","postLUCA"
"CL0633","postLUCA"
"CL0032","preLUCA"
"CL0534","LUCA"
"PF01043","postLUCA"
"CL0408","LUCA"
"PF01052","postLUCA"
"PF01059","postLUCA"
"CL0181","preLUCA"
"PF01062","postLUCA"
"PF01063","postLUCA"
"PF01066","LUCA"
"CL0179","preLUCA"
"CL0158","preLUCA"
"CL0169","postLUCA"
"PF01077","LUCA"
"CL0265","LUCA"
"PF01092","postLUCA"
"CL0232","LUCA"
"PF01124","modern"
"CL0230","LUCA"
"CL0335","LUCA"
"PF01131","LUCA"
"PF01136","postLUCA"
"PF01139","postLUCA"
"CL0433","LUCA"
"CL0234","postLUCA"
"PF01149","postLUCA"
"PF01155","LUCA"
"CL0727","postLUCA"
"PF01161","LUCA"
"PF01165","postLUCA"
"CL0292","preLUCA"
"PF01172","postLUCA"
"CL0399","LUCA"
"CL0103","preLUCA"
"PF01184","unclassifiable"
"PF01186","modern"
"CL0082","postLUCA"
"PF01191","modern"
"PF01192","modern"
"CL0509","postLUCA"
"PF01194","postLUCA"
"PF01196","postLUCA"
"CL0758","postLUCA"
"PF01198","postLUCA"
"PF01199","postLUCA"
"PF01201","postLUCA"
"CL0401","postLUCA"
"CL0397","preLUCA"
"PF01218","modern"
"PF01219","unclassifiable"
"PF01220","unclassifiable"
"CL0263","preLUCA"
"CL0339","preLUCA"
"PF01241","modern"
"CL0336","preLUCA"
"CL0175","LUCA"
"CL0101","LUCA"
"PF01250","postLUCA"
"PF01252","postLUCA"
"PF01253","unclassifiable"
"PF01255","postLUCA"
"PF01259","LUCA"
"PF01264","unclassifiable"
"PF01280","postLUCA"
"PF01281","postLUCA"
"PF01282","postLUCA"
"PF01283","modern"
"PF01288","postLUCA"
"PF01294","unclassifiable"
"PF01295","modern"
"PF01300","LUCA"
"PF01311","modern"
"PF01312","postLUCA"
"PF01313","postLUCA"
"PF01314","LUCA"
"PF01315","LUCA"
"CL0356","LUCA"
"PF01322","modern"
"PF01327","postLUCA"
"PF01329","unclassifiable"
"PF01337","postLUCA"
"PF01339","LUCA"
"CL0057","LUCA"
"PF01341","postLUCA"
"PF01346","postLUCA"
"CL0359","postLUCA"
"PF01355","modern"
"PF01383","modern"
"PF01384","LUCA"
"CL0733","postLUCA"
"PF01391","LUCA"
"PF01405","modern"
"CL0477","preLUCA"
"PF01424","postLUCA"
"PF01425","preLUCA"
"CL0170","postLUCA"
"CL0229","modern"
"PF01430","modern"
"CL0725","modern"
"PF01455","postLUCA"
"PF01458","postLUCA"
"CL0598","modern"
"CL0379","unclassifiable"
"CL0244","postLUCA"
"CL0178","preLUCA"
"CL0694","modern"
"CL0187","postLUCA"
"CL0130","LUCA"
"PF01491","modern"
"PF01493","LUCA"
"PF01496","postLUCA"
"PF01502","postLUCA"
"CL0231","LUCA"
"PF01510","postLUCA"
"PF01514","modern"
"PF01521","modern"
"PF01523","LUCA"
"CL0418","preLUCA"
"PF01544","LUCA"
"PF01545","LUCA"
"PF01548","LUCA"
"CL0228","postLUCA"
"CL0222","preLUCA"
"PF01556","LUCA"
"CL0377","LUCA"
"PF01558","LUCA"
"CL0199","preLUCA"
"CL0525","preLUCA"
"CL0289","postLUCA"
"CL0050","preLUCA"
"PF01584","postLUCA"
"CL0233","LUCA"
"PF01594","LUCA"
"PF01595","postLUCA"
"PF01618","postLUCA"
"PF01624","postLUCA"
"PF01625","LUCA"
"PF01627","LUCA"
"PF01629","modern"
"PF01632","postLUCA"
"CL0080","LUCA"
"CL0670","postLUCA"
"PF01649","postLUCA"
"PF01654","postLUCA"
"PF01655","postLUCA"
"CL0223","LUCA"
"PF01668","postLUCA"
"CL0288","LUCA"
"PF01679","postLUCA"
"PF01693","modern"
"CL0207","LUCA"
"PF01699","LUCA"
"PF01701","modern"
"CL0436","postLUCA"
"PF01709","postLUCA"
"PF01713","modern"
"PF01722","postLUCA"
"PF01724","modern"
"CL0269","postLUCA"
"PF01730","postLUCA"
"PF01737","modern"
"CL0502","postLUCA"
"CL0260","preLUCA"
"PF01744","modern"
"CL0095","LUCA"
"CL0413","preLUCA"
"CL0316","preLUCA"
"PF01765","postLUCA"
"PF01769","LUCA"
"PF01773","postLUCA"
"PF01774","postLUCA"
"PF01775","postLUCA"
"PF01784","LUCA"
"PF01788","modern"
"CL0619","postLUCA"
"PF01790","postLUCA"
"CL0481","postLUCA"
"PF01798","modern"
"PF01809","postLUCA"
"PF01813","postLUCA"
"PF01814","postLUCA"
"PF01817","LUCA"
"PF01837","unclassifiable"
"PF01849","postLUCA"
"PF01862","LUCA"
"CL0297","preLUCA"
"PF01866","postLUCA"
"PF01867","LUCA"
"CL0639","postLUCA"
"CL0236","preLUCA"
"PF01871","postLUCA"
"PF01874","LUCA"
"CL0283","postLUCA"
"PF01877","postLUCA"
"CL0362","preLUCA"
"CL0084","postLUCA"
"PF01886","postLUCA"
"PF01887","postLUCA"
"PF01888","postLUCA"
"PF01889","modern"
"PF01890","unclassifiable"
"CL0315","preLUCA"
"CL0646","modern"
"PF01894","postLUCA"
"CL0243","modern"
"PF01899","postLUCA"
"CL0734","postLUCA"
"CL0499","postLUCA"
"CL0522","postLUCA"
"CL0360","postLUCA"
"CL0197","LUCA"
"PF01913","postLUCA"
"PF01915","postLUCA"
"CL0441","postLUCA"
"CL0200","postLUCA"
"CL0601","postLUCA"
"PF01924","postLUCA"
"CL0273","postLUCA"
"PF01933","unclassifiable"
"CL0291","preLUCA"
"PF01937","postLUCA"
"PF01940","postLUCA"
"PF01941","LUCA"
"PF01944","LUCA"
"CL0122","unclassifiable"
"PF01948","modern"
"PF01950","unclassifiable"
"CL0319","preLUCA"
"PF01955","unclassifiable"
"PF01959","modern"
"CL0635","LUCA"
"CL0572","postLUCA"
"CL0237","preLUCA"
"PF01967","postLUCA"
"PF01969","postLUCA"
"PF01970","postLUCA"
"PF01973","modern"
"PF01975","postLUCA"
"PF01976","postLUCA"
"PF01977","LUCA"
"CL0305","postLUCA"
"PF01984","postLUCA"
"PF01985","modern"
"PF01988","postLUCA"
"PF01990","LUCA"
"PF01992","LUCA"
"PF01993","modern"
"PF01995","modern"
"PF01996","postLUCA"
"PF01997","postLUCA"
"PF01998","postLUCA"
"PF02013","modern"
"PF02026","postLUCA"
"CL0494","postLUCA"
"CL0311","LUCA"
"PF02049","modern"
"CL0419","postLUCA"
"CL0461","modern"
"PF02073","postLUCA"
"CL0582","LUCA"
"PF02081","modern"
"CL0317","preLUCA"
"PF02092","modern"
"PF02104","modern"
"PF02107","modern"
"PF02119","modern"
"CL0424","postLUCA"
"PF02142","LUCA"
"CL0671","preLUCA"
"CL0355","postLUCA"
"PF02178","modern"
"CL0248","preLUCA"
"PF02201","modern"
"CL0457","LUCA"
"CL0609","unclassifiable"
"CL0618","modern"
"PF02241","modern"
"PF02245","postLUCA"
"PF02249","modern"
"PF02255","modern"
"PF02256","postLUCA"
"PF02272","LUCA"
"PF02277","postLUCA"
"PF02287","unclassifiable"
"PF02288","modern"
"PF02289","modern"
"PF02293","modern"
"PF02308","LUCA"
"PF02310","LUCA"
"PF02315","modern"
"PF02322","postLUCA"
"PF02325","postLUCA"
"PF02341","modern"
"PF02342","modern"
"CL0439","postLUCA"
"PF02361","LUCA"
"CL0111","preLUCA"
"CL0493","modern"
"CL0132","preLUCA"
"PF02391","postLUCA"
"CL0266","preLUCA"
"PF02397","postLUCA"
"PF02401","postLUCA"
"CL0298","postLUCA"
"PF02405","postLUCA"
"PF02406","modern"
"PF02411","postLUCA"
"CL0689","LUCA"
"CL0348","postLUCA"
"PF02416","postLUCA"
"PF02417","LUCA"
"PF02419","modern"
"PF02424","postLUCA"
"CL0597","postLUCA"
"PF02441","LUCA"
"PF02445","postLUCA"
"PF02457","postLUCA"
"PF02464","postLUCA"
"PF02465","postLUCA"
"PF02467","modern"
"PF02468","modern"
"PF02469","LUCA"
"PF02470","modern"
"PF02472","postLUCA"
"CL0349","postLUCA"
"CL0251","postLUCA"
"PF02498","postLUCA"
"PF02502","modern"
"CL0764","unclassifiable"
"PF02505","modern"
"PF02507","modern"
"PF02508","postLUCA"
"PF02511","LUCA"
"PF02514","postLUCA"
"PF02515","LUCA"
"CL0472","preLUCA"
"CL0627","postLUCA"
"PF02529","modern"
"PF02531","modern"
"PF02532","modern"
"PF02533","modern"
"PF02538","postLUCA"
"PF02542","postLUCA"
"PF02547","postLUCA"
"PF02553","postLUCA"
"PF02556","unclassifiable"
"PF02560","modern"
"PF02561","modern"
"PF02563","postLUCA"
"PF02566","LUCA"
"PF02570","unclassifiable"
"CL0717","postLUCA"
"PF02576","postLUCA"
"PF02577","modern"
"CL0663","postLUCA"
"PF02579","postLUCA"
"PF02580","postLUCA"
"PF02582","postLUCA"
"PF02583","modern"
"PF02585","LUCA"
"PF02586","LUCA"
"PF02594","LUCA"
"PF02595","postLUCA"
"PF02596","postLUCA"
"PF02599","postLUCA"
"PF02600","postLUCA"
"PF02601","postLUCA"
"PF02602","LUCA"
"CL0365","postLUCA"
"CL0136","preLUCA"
"PF02605","modern"
"PF02607","LUCA"
"PF02609","postLUCA"
"PF02610","postLUCA"
"PF02613","postLUCA"
"PF02615","postLUCA"
"CL0157","unclassifiable"
"PF02617","postLUCA"
"PF02618","postLUCA"
"PF02620","postLUCA"
"PF02622","postLUCA"
"PF02623","postLUCA"
"PF02624","postLUCA"
"PF02625","postLUCA"
"CL0423","LUCA"
"PF02631","postLUCA"
"PF02633","LUCA"
"CL0394","preLUCA"
"CL0279","LUCA"
"PF02643","LUCA"
"CL0245","postLUCA"
"PF02654","postLUCA"
"PF02656","postLUCA"
"PF02660","postLUCA"
"PF02661","LUCA"
"PF02662","LUCA"
"PF02663","LUCA"
"PF02665","LUCA"
"PF02666","postLUCA"
"PF02669","postLUCA"
"PF02672","modern"
"PF02676","modern"
"PF02680","postLUCA"
"CL0735","postLUCA"
"PF02690","postLUCA"
"PF02696","postLUCA"
"PF02698","postLUCA"
"PF02699","postLUCA"
"PF02700","LUCA"
"PF02706","postLUCA"
"PF02720","modern"
"CL0047","modern"
"PF02729","LUCA"
"PF02730","LUCA"
"PF02734","postLUCA"
"CL0616","postLUCA"
"PF02741","postLUCA"
"CL0165","postLUCA"
"CL0227","LUCA"
"PF02748","unclassifiable"
"PF02754","unclassifiable"
"PF02769","preLUCA"
"PF02770","LUCA"
"CL0544","preLUCA"
"PF02772","postLUCA"
"PF02773","postLUCA"
"PF02777","LUCA"
"CL0476","postLUCA"
"CL0591","preLUCA"
"PF02788","LUCA"
"PF02790","modern"
"PF02805","postLUCA"
"PF02810","postLUCA"
"PF02814","postLUCA"
"PF02817","LUCA"
"PF02823","postLUCA"
"PF02829","modern"
"CL0210","preLUCA"
"PF02833","postLUCA"
"CL0247","preLUCA"
"CL0546","LUCA"
"CL0535","postLUCA"
"CL0608","LUCA"
"PF02861","postLUCA"
"CL0738","postLUCA"
"CL0341","LUCA"
"PF02872","postLUCA"
"PF02873","postLUCA"
"PF02875","postLUCA"
"CL0754","preLUCA"
"PF02881","LUCA"
"PF02884","postLUCA"
"PF02885","LUCA"
"PF02887","LUCA"
"PF02889","modern"
"PF02898","modern"
"CL0469","preLUCA"
"PF02906","postLUCA"
"CL0174","postLUCA"
"PF02910","LUCA"
"PF02911","postLUCA"
"CL0277","LUCA"
"PF02924","modern"
"CL0747","postLUCA"
"CL0402","postLUCA"
"CL0250","LUCA"
"PF02943","LUCA"
"PF02965","postLUCA"
"PF02971","LUCA"
"CL0354","modern"
"PF02975","modern"
"PF02979","modern"
"PF02983","modern"
"PF03013","LUCA"
"PF03030","LUCA"
"PF03040","modern"
"CL0517","postLUCA"
"PF03063","LUCA"
"PF03069","LUCA"
"PF03073","postLUCA"
"CL0141","LUCA"
"PF03116","postLUCA"
"PF03119","postLUCA"
"PF03123","modern"
"CL0458","LUCA"
"PF03135","postLUCA"
"CL0740","LUCA"
"PF03147","postLUCA"
"PF03167","postLUCA"
"PF03169","LUCA"
"CL0685","modern"
"PF03203","modern"
"PF03206","modern"
"PF03230","modern"
"PF03243","modern"
"CL0331","postLUCA"
"PF03253","postLUCA"
"CL0431","LUCA"
"PF03270","modern"
"PF03280","modern"
"CL0380","modern"
"CL0615","LUCA"
"CL0722","LUCA"
"CL0697","postLUCA"
"PF03323","modern"
"PF03334","postLUCA"
"PF03350","postLUCA"
"CL0559","postLUCA"
"PF03352","LUCA"
"CL0235","LUCA"
"CL0530","preLUCA"
"PF03374","postLUCA"
"PF03390","modern"
"PF03406","modern"
"CL0320","postLUCA"
"PF03419","modern"
"CL0576","postLUCA"
"PF03441","postLUCA"
"PF03449","postLUCA"
"PF03453","unclassifiable"
"PF03454","postLUCA"
"PF03457","unclassifiable"
"PF03458","postLUCA"
"PF03460","LUCA"
"PF03461","postLUCA"
"PF03462","postLUCA"
"PF03471","postLUCA"
"PF03475","postLUCA"
"PF03476","postLUCA"
"PF03477","LUCA"
"CL0383","LUCA"
"PF03485","LUCA"
"PF03503","modern"
"PF03522","modern"
"PF03527","modern"
"PF03534","postLUCA"
"PF03538","modern"
"CL0428","postLUCA"
"CL0048","postLUCA"
"PF03591","unclassifiable"
"PF03592","postLUCA"
"PF03595","postLUCA"
"PF03597","modern"
"PF03598","unclassifiable"
"PF03603","modern"
"PF03608","modern"
"PF03609","postLUCA"
"PF03611","postLUCA"
"PF03612","modern"
"PF03613","modern"
"PF03621","modern"
"PF03625","postLUCA"
"PF03626","postLUCA"
"PF03631","postLUCA"
"CL0749","postLUCA"
"PF03640","postLUCA"
"PF03646","modern"
"PF03647","modern"
"PF03649","postLUCA"
"CL0580","postLUCA"
"CL0430","postLUCA"
"PF03672","modern"
"PF03677","modern"
"PF03682","postLUCA"
"PF03684","modern"
"PF03685","postLUCA"
"PF03691","postLUCA"
"PF03692","LUCA"
"PF03695","modern"
"PF03698","modern"
"PF03699","modern"
"PF03701","modern"
"PF03705","postLUCA"
"PF03706","LUCA"
"PF03707","unclassifiable"
"PF03711","unclassifiable"
"CL0612","modern"
"PF03717","postLUCA"
"CL0116","postLUCA"
"PF03725","postLUCA"
"PF03726","postLUCA"
"PF03729","postLUCA"
"PF03733","postLUCA"
"CL0508","postLUCA"
"PF03742","modern"
"PF03743","postLUCA"
"PF03744","unclassifiable"
"PF03745","postLUCA"
"PF03747","unclassifiable"
"PF03748","postLUCA"
"PF03750","postLUCA"
"PF03752","modern"
"PF03755","postLUCA"
"PF03771","modern"
"PF03772","postLUCA"
"PF03776","modern"
"PF03777","modern"
"PF03779","postLUCA"
"PF03780","modern"
"CL0342","postLUCA"
"PF03788","postLUCA"
"PF03793","postLUCA"
"PF03799","postLUCA"
"PF03802","unclassifiable"
"CL0395","modern"
"PF03816","modern"
"PF03817","modern"
"PF03818","unclassifiable"
"CL0742","modern"
"PF03830","postLUCA"
"PF03833","postLUCA"
"PF03837","postLUCA"
"PF03840","postLUCA"
"PF03843","modern"
"PF03860","postLUCA"
"PF03861","modern"
"PF03862","modern"
"CL0373","postLUCA"
"CL0645","postLUCA"
"PF03873","modern"
"CL0771","postLUCA"
"PF03885","modern"
"PF03887","modern"
"PF03889","modern"
"PF03891","postLUCA"
"CL0478","modern"
"PF03900","postLUCA"
"PF03903","modern"
"PF03911","postLUCA"
"PF03912","modern"
"CL0308","LUCA"
"PF03918","modern"
"PF03925","modern"
"CL0490","postLUCA"
"PF03937","modern"
"PF03938","postLUCA"
"PF03946","unclassifiable"
"PF03948","postLUCA"
"PF03951","postLUCA"
"PF03958","postLUCA"
"PF03963","unclassifiable"
"CL0350","LUCA"
"CL0259","postLUCA"
"PF03974","modern"
"PF03979","modern"
"PF03981","modern"
"PF03988","postLUCA"
"PF03989","LUCA"
"PF03993","modern"
"PF03994","postLUCA"
"CL0366","LUCA"
"PF04008","postLUCA"
"PF04009","modern"
"PF04010","postLUCA"
"PF04011","postLUCA"
"CL0471","preLUCA"
"PF04018","postLUCA"
"PF04019","postLUCA"
"PF04020","postLUCA"
"PF04021","unclassifiable"
"PF04024","LUCA"
"PF04026","postLUCA"
"PF04029","LUCA"
"PF04032","postLUCA"
"PF04038","modern"
"PF04039","postLUCA"
"PF04066","postLUCA"
"PF04070","postLUCA"
"PF04071","unclassifiable"
"PF04073","postLUCA"
"PF04085","modern"
"PF04087","LUCA"
"PF04102","modern"
"CL0242","postLUCA"
"PF04120","postLUCA"
"PF04122","modern"
"PF04123","postLUCA"
"PF04134","postLUCA"
"PF04135","postLUCA"
"PF04138","LUCA"
"CL0115","preLUCA"
"CL0710","postLUCA"
"PF04149","modern"
"PF04167","modern"
"PF04168","postLUCA"
"CL0131","postLUCA"
"PF04175","modern"
"PF04186","modern"
"PF04200","modern"
"PF04203","postLUCA"
"PF04205","postLUCA"
"PF04206","modern"
"PF04207","modern"
"PF04208","modern"
"PF04210","modern"
"PF04211","modern"
"CL0745","modern"
"PF04213","modern"
"PF04214","modern"
"PF04216","postLUCA"
"PF04217","modern"
"PF04219","modern"
"PF04220","modern"
"PF04222","modern"
"PF04226","postLUCA"
"PF04227","unclassifiable"
"PF04233","postLUCA"
"CL0631","postLUCA"
"PF04238","postLUCA"
"PF04239","postLUCA"
"PF04240","LUCA"
"PF04241","modern"
"PF04242","postLUCA"
"PF04245","postLUCA"
"PF04246","postLUCA"
"PF04253","modern"
"PF04254","modern"
"CL0755","modern"
"PF04263","modern"
"PF04264","postLUCA"
"PF04265","postLUCA"
"PF04267","modern"
"PF04269","modern"
"PF04270","modern"
"PF04277","postLUCA"
"PF04278","modern"
"PF04279","modern"
"PF04282","unclassifiable"
"PF04283","modern"
"PF04284","modern"
"PF04286","postLUCA"
"PF04287","modern"
"PF04290","postLUCA"
"PF04293","postLUCA"
"PF04294","modern"
"PF04295","postLUCA"
"PF04296","postLUCA"
"PF04304","postLUCA"
"CL0500","postLUCA"
"PF04312","postLUCA"
"PF04314","modern"
"PF04315","modern"
"PF04316","unclassifiable"
"PF04320","modern"
"PF04322","modern"
"CL0667","LUCA"
"PF04325","modern"
"PF04327","modern"
"PF04328","modern"
"PF04333","modern"
"PF04336","postLUCA"
"PF04341","postLUCA"
"PF04343","LUCA"
"PF04344","modern"
"PF04347","postLUCA"
"CL0655","modern"
"PF04352","modern"
"PF04353","modern"
"PF04354","modern"
"PF04356","modern"
"PF04361","modern"
"PF04362","modern"
"PF04363","modern"
"PF04364","modern"
"PF04366","postLUCA"
"PF04367","postLUCA"
"PF04368","modern"
"PF04375","modern"
"PF04380","modern"
"PF04381","modern"
"PF04384","postLUCA"
"PF04386","modern"
"CL0414","postLUCA"
"PF04393","modern"
"PF04394","modern"
"PF04400","modern"
"PF04402","LUCA"
"PF04403","modern"
"PF04404","postLUCA"
"PF04405","modern"
"PF04406","postLUCA"
"PF04409","unclassifiable"
"PF04412","unclassifiable"
"PF04415","modern"
"PF04417","modern"
"PF04422","postLUCA"
"PF04423","postLUCA"
"PF04430","unclassifiable"
"PF04432","LUCA"
"PF04434","unclassifiable"
"PF04442","modern"
"PF04444","modern"
"PF04446","modern"
"PF04455","unclassifiable"
"PF04456","modern"
"PF04457","postLUCA"
"PF04459","modern"
"PF04461","modern"
"PF04463","LUCA"
"PF04465","postLUCA"
"PF04468","modern"
"PF04472","unclassifiable"
"PF04474","postLUCA"
"PF04475","modern"
"PF04483","modern"
"PF04485","modern"
"PF04505","unclassifiable"
"PF04518","modern"
"PF04531","modern"
"PF04551","postLUCA"
"PF04560","unclassifiable"
"PF04561","unclassifiable"
"PF04563","unclassifiable"
"PF04565","postLUCA"
"PF04566","postLUCA"
"PF04567","postLUCA"
"PF04577","postLUCA"
"CL0201","postLUCA"
"PF04588","modern"
"PF04608","postLUCA"
"PF04609","modern"
"CL0698","postLUCA"
"PF04613","modern"
"CL0504","postLUCA"
"CL0307","postLUCA"
"PF04634","unclassifiable"
"PF04647","modern"
"PF04650","modern"
"PF04654","modern"
"PF04659","modern"
"PF04675","postLUCA"
"PF04688","modern"
"PF04715","LUCA"
"CL0590","modern"
"PF04738","postLUCA"
"PF04744","unclassifiable"
"PF04746","modern"
"PF04751","modern"
"CL0278","LUCA"
"PF04758","unclassifiable"
"PF04763","modern"
"PF04773","postLUCA"
"PF04784","postLUCA"
"PF04800","modern"
"PF04809","modern"
"PF04829","modern"
"PF04830","modern"
"PF04839","modern"
"PF04854","modern"
"PF04860","postLUCA"
"PF04865","modern"
"PF04885","unclassifiable"
"PF04886","unclassifiable"
"PF04888","modern"
"PF04890","modern"
"PF04891","modern"
"PF04892","LUCA"
"CL0112","LUCA"
"PF04894","postLUCA"
"PF04895","postLUCA"
"PF04896","unclassifiable"
"PF04917","modern"
"PF04930","modern"
"PF04951","LUCA"
"CL0690","postLUCA"
"PF04957","modern"
"PF04961","LUCA"
"PF04964","unclassifiable"
"CL0763","postLUCA"
"PF04972","postLUCA"
"PF04973","postLUCA"
"CL0225","postLUCA"
"CL0310","LUCA"
"PF04981","postLUCA"
"PF04983","unclassifiable"
"PF04984","modern"
"PF04995","modern"
"PF04997","unclassifiable"
"PF04998","modern"
"PF05000","postLUCA"
"CL0498","LUCA"
"PF05019","postLUCA"
"PF05035","postLUCA"
"PF05036","unclassifiable"
"PF05037","postLUCA"
"PF05045","postLUCA"
"PF05068","modern"
"PF05071","modern"
"PF05076","postLUCA"
"PF05082","modern"
"PF05090","postLUCA"
"PF05095","modern"
"CL0249","modern"
"PF05101","modern"
"PF05103","modern"
"PF05105","postLUCA"
"CL0564","modern"
"PF05107","postLUCA"
"PF05108","modern"
"PF05117","postLUCA"
"PF05119","postLUCA"
"CL0660","LUCA"
"PF05121","postLUCA"
"PF05123","postLUCA"
"PF05128","postLUCA"
"PF05130","postLUCA"
"PF05133","modern"
"CL0643","postLUCA"
"PF05136","postLUCA"
"PF05140","postLUCA"
"PF05141","postLUCA"
"PF05151","modern"
"PF05154","postLUCA"
"PF05157","postLUCA"
"PF05161","LUCA"
"PF05164","unclassifiable"
"PF05166","modern"
"CL0312","postLUCA"
"PF05188","postLUCA"
"PF05189","modern"
"PF05190","postLUCA"
"PF05191","LUCA"
"PF05192","postLUCA"
"PF05194","postLUCA"
"PF05198","postLUCA"
"PF05199","postLUCA"
"PF05201","LUCA"
"PF05209","modern"
"PF05215","modern"
"PF05226","postLUCA"
"PF05230","modern"
"PF05231","postLUCA"
"PF05232","modern"
"PF05233","modern"
"PF05235","postLUCA"
"PF05247","modern"
"PF05256","modern"
"PF05280","modern"
"PF05284","modern"
"PF05302","modern"
"PF05305","modern"
"PF05309","modern"
"PF05317","modern"
"PF05321","modern"
"PF05360","postLUCA"
"PF05377","modern"
"PF05384","modern"
"PF05389","modern"
"PF05400","modern"
"PF05406","modern"
"PF05419","modern"
"PF05421","modern"
"PF05423","modern"
"PF05437","unclassifiable"
"PF05440","modern"
"PF05472","modern"
"PF05481","modern"
"PF05488","postLUCA"
"PF05495","modern"
"PF05504","modern"
"PF05506","modern"
"PF05524","postLUCA"
"CL0406","postLUCA"
"PF05542","modern"
"PF05545","modern"
"PF05552","postLUCA"
"PF05559","postLUCA"
"PF05565","unclassifiable"
"PF05582","modern"
"PF05591","postLUCA"
"PF05593","postLUCA"
"PF05595","modern"
"PF05597","unclassifiable"
"PF05598","LUCA"
"PF05610","postLUCA"
"CL0129","LUCA"
"PF05626","modern"
"PF05630","modern"
"PF05635","postLUCA"
"PF05638","LUCA"
"PF05639","modern"
"PF05649","postLUCA"
"PF05650","modern"
"PF05656","postLUCA"
"PF05658","postLUCA"
"PF05661","postLUCA"
"PF05662","modern"
"CL0684","postLUCA"
"PF05675","modern"
"PF05681","postLUCA"
"PF05683","postLUCA"
"PF05697","modern"
"CL0262","postLUCA"
"PF05717","postLUCA"
"PF05719","modern"
"PF05727","modern"
"PF05731","postLUCA"
"PF05745","modern"
"CL0258","preLUCA"
"CL0488","modern"
"PF05800","unclassifiable"
"PF05816","postLUCA"
"PF05818","modern"
"PF05845","modern"
"PF05854","modern"
"PF05861","modern"
"PF05866","postLUCA"
"PF05869","postLUCA"
"PF05901","modern"
"PF05916","postLUCA"
"CL0570","postLUCA"
"PF05926","modern"
"PF05929","modern"
"CL0097","postLUCA"
"PF05936","postLUCA"
"PF05939","modern"
"PF05943","modern"
"PF05944","modern"
"PF05947","modern"
"PF05949","modern"
"PF05969","modern"
"PF05975","modern"
"PF05979","modern"
"PF05981","modern"
"PF05985","postLUCA"
"PF05987","modern"
"PF05996","unclassifiable"
"PF06007","modern"
"PF06014","modern"
"PF06032","postLUCA"
"PF06037","unclassifiable"
"PF06051","modern"
"PF06055","postLUCA"
"PF06059","modern"
"PF06062","modern"
"PF06067","postLUCA"
"PF06073","modern"
"PF06074","postLUCA"
"PF06089","modern"
"PF06092","modern"
"PF06097","modern"
"PF06099","modern"
"PF06103","modern"
"PF06122","modern"
"PF06123","modern"
"CL0768","modern"
"PF06127","postLUCA"
"PF06130","modern"
"PF06133","modern"
"PF06135","modern"
"PF06146","LUCA"
"PF06149","modern"
"PF06150","postLUCA"
"PF06152","modern"
"PF06155","postLUCA"
"PF06156","modern"
"PF06157","modern"
"PF06160","modern"
"PF06161","postLUCA"
"PF06166","modern"
"PF06168","modern"
"PF06169","modern"
"PF06170","postLUCA"
"PF06181","postLUCA"
"PF06183","modern"
"PF06186","modern"
"PF06189","unclassifiable"
"PF06195","postLUCA"
"PF06196","modern"
"CL0412","LUCA"
"PF06207","modern"
"PF06210","postLUCA"
"PF06213","modern"
"PF06226","modern"
"PF06233","modern"
"CL0541","unclassifiable"
"PF06242","modern"
"PF06243","postLUCA"
"PF06245","LUCA"
"PF06252","postLUCA"
"PF06253","postLUCA"
"PF06265","modern"
"PF06267","LUCA"
"PF06271","LUCA"
"PF06276","postLUCA"
"PF06279","modern"
"PF06282","modern"
"PF06288","modern"
"PF06289","postLUCA"
"PF06291","modern"
"PF06295","modern"
"PF06298","modern"
"PF06303","modern"
"PF06305","unclassifiable"
"CL0403","LUCA"
"PF06335","modern"
"PF06348","postLUCA"
"PF06353","modern"
"PF06381","modern"
"PF06386","postLUCA"
"PF06411","modern"
"PF06412","modern"
"PF06415","postLUCA"
"PF06421","modern"
"PF06426","postLUCA"
"PF06429","postLUCA"
"PF06455","modern"
"PF06463","unclassifiable"
"CL0154","postLUCA"
"PF06470","postLUCA"
"PF06476","modern"
"PF06480","postLUCA"
"PF06483","unclassifiable"
"PF06485","modern"
"PF06486","modern"
"PF06491","modern"
"PF06496","postLUCA"
"PF06506","modern"
"PF06510","modern"
"PF06526","modern"
"PF06527","postLUCA"
"PF06528","modern"
"PF06532","modern"
"PF06541","postLUCA"
"PF06545","modern"
"PF06568","modern"
"PF06569","modern"
"PF06572","modern"
"PF06577","modern"
"PF06580","postLUCA"
"PF06586","modern"
"PF06587","modern"
"PF06596","modern"
"PF06611","modern"
"PF06612","modern"
"PF06620","modern"
"PF06626","modern"
"PF06628","postLUCA"
"PF06634","LUCA"
"PF06649","modern"
"PF06666","modern"
"PF06667","modern"
"PF06674","modern"
"PF06675","modern"
"PF06676","modern"
"PF06684","modern"
"PF06686","modern"
"PF06693","modern"
"PF06695","unclassifiable"
"PF06698","modern"
"CL0606","modern"
"PF06718","postLUCA"
"PF06724","modern"
"PF06736","postLUCA"
"CL0470","postLUCA"
"CL0528","postLUCA"
"PF06748","modern"
"PF06750","postLUCA"
"PF06754","modern"
"PF06761","modern"
"PF06772","postLUCA"
"PF06777","modern"
"PF06781","modern"
"PF06785","modern"
"PF06790","modern"
"PF06791","modern"
"PF06792","postLUCA"
"PF06793","modern"
"PF06794","modern"
"PF06796","modern"
"PF06798","postLUCA"
"PF06799","modern"
"PF06803","postLUCA"
"PF06810","modern"
"PF06812","modern"
"PF06819","modern"
"PF06823","modern"
"PF06834","modern"
"PF06844","modern"
"PF06847","modern"
"PF06848","postLUCA"
"PF06853","modern"
"PF06854","modern"
"PF06855","modern"
"PF06857","modern"
"PF06868","modern"
"PF06877","postLUCA"
"PF06884","modern"
"PF06889","postLUCA"
"PF06890","modern"
"CL0691","postLUCA"
"PF06892","modern"
"CL0191","postLUCA"
"PF06904","modern"
"PF06906","modern"
"PF06923","modern"
"PF06934","modern"
"PF06935","modern"
"PF06938","modern"
"PF06939","modern"
"CL0420","modern"
"PF06945","postLUCA"
"PF06947","modern"
"PF06949","modern"
"PF06956","modern"
"PF06961","postLUCA"
"PF06967","modern"
"PF06968","postLUCA"
"PF06974","postLUCA"
"PF06986","modern"
"PF06988","modern"
"PF06992","modern"
"CL0447","postLUCA"
"PF06995","modern"
"PF06996","modern"
"PF06998","modern"
"PF06999","modern"
"PF07005","postLUCA"
"PF07007","unclassifiable"
"PF07009","postLUCA"
"PF07012","modern"
"PF07023","modern"
"PF07024","modern"
"PF07027","modern"
"PF07030","postLUCA"
"PF07040","postLUCA"
"PF07043","postLUCA"
"CL0135","postLUCA"
"PF07072","modern"
"PF07077","postLUCA"
"PF07079","modern"
"PF07083","modern"
"PF07087","postLUCA"
"PF07098","postLUCA"
"PF07099","postLUCA"
"PF07100","postLUCA"
"PF07103","postLUCA"
"PF07119","unclassifiable"
"PF07130","modern"
"PF07136","modern"
"PF07146","modern"
"PF07148","modern"
"PF07157","modern"
"PF07166","postLUCA"
"PF07171","postLUCA"
"PF07178","modern"
"PF07179","postLUCA"
"PF07183","modern"
"PF07185","modern"
"PF07187","modern"
"CL0634","modern"
"PF07195","postLUCA"
"PF07196","postLUCA"
"PF07208","modern"
"CL0766","postLUCA"
"PF07226","modern"
"PF07235","modern"
"PF07238","postLUCA"
"PF07254","modern"
"PF07261","modern"
"PF07264","modern"
"CL0648","modern"
"PF07274","postLUCA"
"PF07275","postLUCA"
"PF07277","modern"
"PF07284","modern"
"PF07285","postLUCA"
"PF07286","modern"
"PF07287","postLUCA"
"PF07288","modern"
"PF07293","modern"
"PF07299","modern"
"PF07301","modern"
"PF07308","modern"
"PF07309","modern"
"PF07314","modern"
"PF07317","modern"
"PF07319","modern"
"PF07323","modern"
"PF07330","modern"
"PF07331","postLUCA"
"PF07332","postLUCA"
"PF07335","modern"
"PF07336","postLUCA"
"PF07338","modern"
"PF07345","modern"
"CL0526","postLUCA"
"PF07352","postLUCA"
"PF07355","modern"
"PF07357","modern"
"PF07361","modern"
"PF07364","postLUCA"
"PF07369","modern"
"PF07370","modern"
"PF07372","modern"
"PF07378","modern"
"PF07379","modern"
"PF07382","postLUCA"
"PF07383","modern"
"CL0545","postLUCA"
"PF07408","modern"
"PF07409","modern"
"PF07411","postLUCA"
"PF07417","modern"
"PF07423","modern"
"PF07431","modern"
"PF07432","modern"
"CL0285","modern"
"PF07441","modern"
"PF07444","modern"
"PF07445","modern"
"PF07452","postLUCA"
"PF07460","postLUCA"
"PF07463","modern"
"PF07465","modern"
"PF07466","modern"
"PF07477","postLUCA"
"PF07484","postLUCA"
"PF07485","modern"
"PF07486","postLUCA"
"CL0306","postLUCA"
"CL0214","unclassifiable"
"CL0593","modern"
"PF07503","postLUCA"
"PF07509","modern"
"PF07516","modern"
"PF07520","modern"
"CL0398","LUCA"
"PF07537","modern"
"PF07538","postLUCA"
"PF07541","postLUCA"
"PF07542","modern"
"PF07548","modern"
"PF07549","postLUCA"
"PF07550","modern"
"PF07552","modern"
"PF07553","modern"
"PF07556","postLUCA"
"PF07559","postLUCA"
"PF07560","modern"
"PF07561","modern"
"PF07566","modern"
"PF07577","modern"
"PF07579","modern"
"PF07581","postLUCA"
"PF07583","postLUCA"
"PF07584","postLUCA"
"PF07586","modern"
"PF07587","postLUCA"
"PF07589","postLUCA"
"CL0363","LUCA"
"PF07593","postLUCA"
"PF07595","modern"
"PF07596","modern"
"PF07603","modern"
"PF07613","modern"
"PF07624","modern"
"PF07626","postLUCA"
"PF07627","modern"
"PF07631","modern"
"PF07634","modern"
"PF07637","modern"
"PF07639","modern"
"PF07655","modern"
"PF07659","unclassifiable"
"CL0751","postLUCA"
"PF07662","postLUCA"
"PF07663","modern"
"PF07664","LUCA"
"PF07666","modern"
"PF07670","LUCA"
"PF07680","modern"
"PF07683","postLUCA"
"PF07687","preLUCA"
"CL0637","modern"
"CL0301","postLUCA"
"PF07697","postLUCA"
"PF07715","postLUCA"
"CL0388","postLUCA"
"PF07739","postLUCA"
"PF07743","modern"
"PF07746","modern"
"PF07747","modern"
"PF07751","postLUCA"
"PF07752","modern"
"PF07756","modern"
"PF07758","unclassifiable"
"PF07760","postLUCA"
"PF07769","modern"
"PF07775","modern"
"PF07784","postLUCA"
"PF07787","modern"
"PF07790","modern"
"PF07793","modern"
"PF07796","unclassifiable"
"PF07799","postLUCA"
"CL0496","postLUCA"
"PF07812","modern"
"CL0515","postLUCA"
"PF07833","unclassifiable"
"PF07835","modern"
"PF07837","unclassifiable"
"PF07843","postLUCA"
"PF07845","modern"
"PF07849","unclassifiable"
"PF07853","unclassifiable"
"PF07862","postLUCA"
"PF07863","modern"
"CL0703","modern"
"PF07870","modern"
"PF07872","modern"
"PF07873","modern"
"PF07879","modern"
"PF07881","modern"
"PF07882","unclassifiable"
"PF07884","LUCA"
"PF07886","modern"
"PF07892","modern"
"PF07895","modern"
"PF07896","modern"
"PF07905","unclassifiable"
"PF07907","modern"
"PF07916","modern"
"PF07920","unclassifiable"
"PF07924","modern"
"PF07927","postLUCA"
"PF07929","postLUCA"
"PF07935","modern"
"PF07943","modern"
"PF07947","postLUCA"
"PF07949","postLUCA"
"PF07958","modern"
"PF07963","postLUCA"
"PF07987","modern"
"PF07996","modern"
"PF07997","modern"
"PF08002","postLUCA"
"PF08004","modern"
"PF08009","modern"
"PF08012","modern"
"PF08019","postLUCA"
"PF08041","modern"
"PF08042","modern"
"PF08069","postLUCA"
"PF08071","postLUCA"
"PF08085","modern"
"PF08113","modern"
"PF08126","unclassifiable"
"CL0421","postLUCA"
"PF08148","unclassifiable"
"PF08173","modern"
"PF08183","modern"
"PF08213","unclassifiable"
"PF08223","modern"
"PF08230","modern"
"CL0748","postLUCA"
"PF08278","modern"
"PF08326","modern"
"PF08328","postLUCA"
"PF08331","postLUCA"
"PF08338","postLUCA"
"PF08340","postLUCA"
"PF08341","modern"
"PF08343","modern"
"PF08345","postLUCA"
"PF08346","postLUCA"
"PF08349","modern"
"PF08350","modern"
"PF08352","LUCA"
"PF08353","unclassifiable"
"PF08354","modern"
"CL0173","LUCA"
"PF08364","modern"
"PF08376","postLUCA"
"PF08379","postLUCA"
"CL0700","postLUCA"
"PF08410","modern"
"PF08411","modern"
"PF08439","postLUCA"
"PF08455","postLUCA"
"PF08463","LUCA"
"PF08468","modern"
"PF08471","postLUCA"
"PF08482","postLUCA"
"PF08486","postLUCA"
"PF08494","LUCA"
"PF08495","postLUCA"
"PF08497","postLUCA"
"PF08502","LUCA"
"PF08503","modern"
"PF08525","modern"
"PF08529","modern"
"CL0604","postLUCA"
"CL0677","preLUCA"
"PF08570","postLUCA"
"PF08608","unclassifiable"
"PF08617","modern"
"PF08663","unclassifiable"
"PF08664","modern"
"PF08676","postLUCA"
"PF08680","modern"
"PF08706","postLUCA"
"PF08707","modern"
"PF08708","modern"
"PF08719","postLUCA"
"PF08735","modern"
"PF08741","modern"
"PF08747","postLUCA"
"PF08750","modern"
"PF08755","modern"
"PF08756","modern"
"PF08796","modern"
"PF08797","postLUCA"
"PF08800","modern"
"PF08807","modern"
"PF08809","modern"
"PF08811","postLUCA"
"PF08812","modern"
"PF08821","postLUCA"
"PF08827","modern"
"PF08830","modern"
"PF08837","postLUCA"
"PF08844","modern"
"PF08845","postLUCA"
"PF08846","modern"
"PF08847","modern"
"PF08850","modern"
"PF08853","modern"
"PF08855","modern"
"PF08856","modern"
"PF08858","modern"
"PF08859","LUCA"
"PF08860","modern"
"PF08861","unclassifiable"
"CL0654","postLUCA"
"PF08864","modern"
"PF08865","modern"
"PF08866","modern"
"PF08867","postLUCA"
"PF08868","modern"
"PF08869","postLUCA"
"PF08872","modern"
"PF08874","postLUCA"
"PF08878","postLUCA"
"PF08882","modern"
"PF08883","modern"
"PF08886","modern"
"PF08888","modern"
"PF08889","postLUCA"
"CL0567","postLUCA"
"PF08891","modern"
"PF08894","modern"
"PF08895","modern"
"PF08897","modern"
"PF08899","postLUCA"
"PF08900","modern"
"PF08901","postLUCA"
"PF08902","postLUCA"
"PF08904","modern"
"PF08905","modern"
"PF08906","postLUCA"
"PF08907","modern"
"PF08908","modern"
"PF08909","modern"
"PF08915","postLUCA"
"PF08928","postLUCA"
"PF08929","postLUCA"
"PF08951","modern"
"PF08955","modern"
"PF08958","modern"
"PF08962","modern"
"PF08963","modern"
"PF08968","modern"
"PF08970","modern"
"PF08974","postLUCA"
"PF08977","modern"
"PF08979","modern"
"PF08984","postLUCA"
"PF08989","modern"
"PF08990","modern"
"PF09001","modern"
"PF09021","modern"
"PF09055","postLUCA"
"CL0629","modern"
"PF09082","modern"
"CL0599","LUCA"
"PF09150","modern"
"PF09163","modern"
"CL0524","postLUCA"
"PF09168","modern"
"PF09171","modern"
"PF09179","modern"
"PF09180","postLUCA"
"CL0668","postLUCA"
"CL0636","modern"
"PF09204","postLUCA"
"PF09234","postLUCA"
"PF09249","postLUCA"
"PF09250","LUCA"
"PF09269","modern"
"PF09298","postLUCA"
"PF09299","postLUCA"
"PF09317","modern"
"PF09321","modern"
"PF09323","postLUCA"
"PF09326","modern"
"PF09327","modern"
"PF09335","LUCA"
"PF09338","modern"
"PF09341","modern"
"PF09343","unclassifiable"
"PF09345","unclassifiable"
"PF09347","postLUCA"
"PF09348","postLUCA"
"PF09349","postLUCA"
"PF09350","postLUCA"
"PF09353","modern"
"PF09356","modern"
"PF09357","modern"
"PF09360","LUCA"
"PF09361","modern"
"PF09362","modern"
"PF09365","postLUCA"
"PF09366","modern"
"PF09369","postLUCA"
"PF09371","postLUCA"
"PF09373","modern"
"PF09375","postLUCA"
"PF09388","modern"
"PF09392","modern"
"PF09406","modern"
"CL0578","postLUCA"
"PF09438","modern"
"PF09458","modern"
"PF09472","modern"
"PF09476","modern"
"PF09481","unclassifiable"
"PF09484","postLUCA"
"PF09485","postLUCA"
"PF09489","modern"
"PF09490","unclassifiable"
"PF09493","modern"
"PF09498","modern"
"PF09501","modern"
"PF09505","modern"
"PF09509","postLUCA"
"PF09523","modern"
"PF09524","modern"
"PF09527","postLUCA"
"PF09533","modern"
"PF09534","modern"
"CL0767","modern"
"PF09536","modern"
"PF09538","modern"
"PF09539","modern"
"PF09544","modern"
"PF09546","modern"
"PF09548","modern"
"PF09551","modern"
"PF09557","modern"
"PF09560","modern"
"PF09577","modern"
"PF09578","modern"
"PF09579","postLUCA"
"PF09580","modern"
"PF09581","modern"
"PF09582","modern"
"PF09585","modern"
"PF09600","modern"
"PF09601","postLUCA"
"PF09603","modern"
"PF09604","postLUCA"
"PF09605","unclassifiable"
"PF09608","modern"
"PF09611","modern"
"PF09614","modern"
"PF09615","modern"
"PF09617","postLUCA"
"PF09620","modern"
"PF09622","unclassifiable"
"PF09630","modern"
"PF09633","modern"
"PF09640","modern"
"PF09643","postLUCA"
"PF09654","modern"
"PF09655","modern"
"PF09656","postLUCA"
"PF09660","modern"
"PF09661","modern"
"PF09669","postLUCA"
"PF09673","modern"
"PF09674","modern"
"PF09676","modern"
"PF09677","modern"
"PF09678","postLUCA"
"PF09680","modern"
"PF09682","modern"
"PF09683","modern"
"PF09684","postLUCA"
"PF09685","unclassifiable"
"PF09686","modern"
"PF09693","modern"
"PF09701","postLUCA"
"PF09706","modern"
"CL0728","LUCA"
"PF09709","postLUCA"
"PF09712","modern"
"PF09718","modern"
"PF09720","postLUCA"
"PF09721","LUCA"
"PF09722","postLUCA"
"PF09731","modern"
"PF09791","modern"
"PF09819","unclassifiable"
"PF09821","unclassifiable"
"PF09828","postLUCA"
"PF09829","modern"
"PF09831","modern"
"PF09832","modern"
"PF09834","modern"
"PF09835","postLUCA"
"PF09836","modern"
"PF09838","modern"
"PF09839","modern"
"PF09840","modern"
"PF09842","modern"
"PF09843","postLUCA"
"PF09846","modern"
"PF09849","modern"
"PF09850","modern"
"PF09853","postLUCA"
"PF09856","modern"
"PF09857","modern"
"PF09858","unclassifiable"
"PF09860","modern"
"PF09864","postLUCA"
"PF09866","modern"
"PF09867","modern"
"PF09868","unclassifiable"
"PF09870","modern"
"PF09871","modern"
"PF09872","modern"
"PF09874","modern"
"PF09875","modern"
"PF09876","unclassifiable"
"PF09882","modern"
"PF09885","modern"
"PF09886","modern"
"PF09887","modern"
"PF09888","modern"
"PF09890","modern"
"PF09892","postLUCA"
"PF09894","modern"
"PF09897","modern"
"PF09898","modern"
"PF09900","modern"
"PF09902","modern"
"PF09903","postLUCA"
"PF09905","postLUCA"
"PF09906","modern"
"PF09907","postLUCA"
"PF09910","postLUCA"
"PF09911","modern"
"PF09912","modern"
"PF09918","postLUCA"
"PF09919","modern"
"PF09920","modern"
"PF09921","modern"
"PF09923","modern"
"PF09925","postLUCA"
"PF09928","modern"
"PF09930","modern"
"PF09931","modern"
"PF09932","modern"
"PF09933","unclassifiable"
"PF09935","postLUCA"
"PF09937","modern"
"PF09938","modern"
"PF09941","unclassifiable"
"PF09943","modern"
"PF09945","postLUCA"
"PF09946","postLUCA"
"PF09948","postLUCA"
"PF09951","postLUCA"
"PF09954","postLUCA"
"PF09955","modern"
"PF09956","postLUCA"
"PF09958","modern"
"PF09959","modern"
"PF09962","unclassifiable"
"PF09963","modern"
"PF09964","modern"
"PF09965","postLUCA"
"PF09966","postLUCA"
"PF09969","postLUCA"
"PF09971","modern"
"CL0672","LUCA"
"PF09973","modern"
"PF09974","modern"
"PF09981","modern"
"PF09987","modern"
"PF09991","postLUCA"
"PF09992","postLUCA"
"PF09996","postLUCA"
"PF09997","postLUCA"
"PF09998","modern"
"PF09999","postLUCA"
"PF10002","postLUCA"
"PF10015","postLUCA"
"PF10016","modern"
"PF10020","postLUCA"
"PF10025","postLUCA"
"PF10028","modern"
"PF10031","modern"
"PF10038","modern"
"PF10041","modern"
"PF10042","postLUCA"
"PF10043","modern"
"PF10048","modern"
"PF10049","LUCA"
"PF10050","postLUCA"
"PF10051","modern"
"PF10052","modern"
"PF10054","modern"
"PF10055","modern"
"PF10056","postLUCA"
"PF10057","modern"
"PF10063","modern"
"PF10065","modern"
"PF10066","unclassifiable"
"PF10067","postLUCA"
"PF10069","modern"
"PF10070","postLUCA"
"PF10071","postLUCA"
"PF10073","modern"
"PF10074","modern"
"PF10076","modern"
"PF10077","postLUCA"
"PF10080","unclassifiable"
"PF10084","modern"
"PF10087","unclassifiable"
"PF10092","unclassifiable"
"PF10093","modern"
"PF10094","modern"
"PF10095","modern"
"PF10097","postLUCA"
"PF10098","modern"
"PF10099","postLUCA"
"PF10101","unclassifiable"
"PF10102","LUCA"
"PF10106","modern"
"PF10110","postLUCA"
"PF10112","modern"
"PF10115","modern"
"PF10118","modern"
"PF10119","modern"
"PF10120","postLUCA"
"PF10123","modern"
"PF10133","postLUCA"
"PF10135","postLUCA"
"PF10139","modern"
"PF10141","modern"
"PF10143","LUCA"
"PF10145","postLUCA"
"PF10150","modern"
"PF10162","unclassifiable"
"PF10216","modern"
"PF10368","modern"
"PF10370","postLUCA"
"PF10371","postLUCA"
"PF10385","postLUCA"
"PF10387","postLUCA"
"PF10397","LUCA"
"CL0300","LUCA"
"PF10410","postLUCA"
"PF10411","modern"
"PF10414","modern"
"PF10415","LUCA"
"PF10417","LUCA"
"PF10442","postLUCA"
"PF10504","modern"
"PF10517","unclassifiable"
"PF10543","unclassifiable"
"PF10546","unclassifiable"
"PF10547","modern"
"PF10552","modern"
"PF10555","postLUCA"
"PF10559","postLUCA"
"PF10563","modern"
"PF10576","postLUCA"
"PF10588","postLUCA"
"PF10589","postLUCA"
"PF10590","postLUCA"
"PF10592","postLUCA"
"PF10593","postLUCA"
"PF10611","modern"
"PF10612","modern"
"PF10614","modern"
"PF10615","modern"
"PF10617","modern"
"PF10618","modern"
"PF10621","modern"
"PF10627","modern"
"CL0731","modern"
"PF10635","modern"
"PF10636","modern"
"PF10646","unclassifiable"
"PF10651","modern"
"PF10652","modern"
"PF10658","modern"
"PF10664","modern"
"PF10673","modern"
"PF10674","modern"
"PF10675","modern"
"PF10676","modern"
"PF10678","modern"
"PF10679","modern"
"CL0385","postLUCA"
"PF10688","modern"
"PF10689","modern"
"PF10691","modern"
"PF10693","modern"
"PF10694","modern"
"PF10696","modern"
"PF10702","modern"
"PF10704","modern"
"PF10708","modern"
"PF10710","modern"
"PF10716","modern"
"PF10718","modern"
"PF10719","postLUCA"
"PF10720","modern"
"PF10724","modern"
"PF10726","modern"
"PF10730","modern"
"PF10732","modern"
"PF10734","modern"
"PF10737","modern"
"PF10742","modern"
"PF10745","modern"
"PF10747","modern"
"PF10750","modern"
"CL0347","postLUCA"
"PF10755","modern"
"PF10758","modern"
"PF10759","modern"
"PF10764","modern"
"PF10768","modern"
"PF10776","modern"
"PF10779","modern"
"PF10782","modern"
"PF10783","modern"
"PF10797","modern"
"PF10801","modern"
"PF10803","modern"
"PF10805","modern"
"PF10816","modern"
"PF10821","modern"
"PF10823","modern"
"PF10825","modern"
"PF10844","modern"
"PF10850","modern"
"PF10861","postLUCA"
"PF10864","modern"
"PF10869","modern"
"PF10901","modern"
"PF10915","modern"
"PF10925","modern"
"PF10928","modern"
"PF10929","modern"
"PF10932","modern"
"PF10935","modern"
"PF10936","modern"
"PF10938","modern"
"PF10939","modern"
"PF10942","modern"
"PF10944","modern"
"PF10946","modern"
"PF10947","modern"
"PF10948","modern"
"PF10955","modern"
"PF10957","modern"
"PF10958","modern"
"PF10960","modern"
"PF10962","modern"
"PF10966","modern"
"PF10967","modern"
"PF10969","modern"
"PF10970","modern"
"PF10972","modern"
"PF10973","modern"
"PF10974","modern"
"PF10977","unclassifiable"
"PF10978","modern"
"PF10979","modern"
"PF10980","modern"
"PF10981","modern"
"PF10982","modern"
"PF10983","modern"
"PF10984","modern"
"PF10985","unclassifiable"
"PF10986","modern"
"PF10987","postLUCA"
"PF10989","modern"
"PF10990","postLUCA"
"PF10993","modern"
"PF10997","modern"
"PF10999","modern"
"PF11000","modern"
"PF11003","modern"
"PF11006","modern"
"PF11007","modern"
"PF11011","modern"
"PF11013","modern"
"PF11014","modern"
"PF11015","modern"
"PF11016","modern"
"PF11021","modern"
"PF11026","postLUCA"
"PF11041","modern"
"PF11042","postLUCA"
"PF11062","modern"
"PF11064","modern"
"PF11067","modern"
"PF11068","modern"
"PF11072","modern"
"PF11075","postLUCA"
"PF11079","modern"
"PF11084","modern"
"PF11085","modern"
"PF11086","unclassifiable"
"PF11101","modern"
"PF11102","modern"
"PF11112","modern"
"PF11116","modern"
"PF11117","modern"
"PF11118","modern"
"PF11122","modern"
"PF11127","postLUCA"
"PF11130","unclassifiable"
"PF11132","modern"
"PF11136","modern"
"PF11137","modern"
"PF11138","modern"
"PF11140","modern"
"PF11141","modern"
"PF11142","modern"
"PF11143","modern"
"PF11146","postLUCA"
"PF11148","modern"
"PF11149","modern"
"PF11150","modern"
"PF11151","modern"
"PF11153","modern"
"PF11154","postLUCA"
"PF11155","modern"
"PF11157","modern"
"PF11158","unclassifiable"
"PF11159","postLUCA"
"PF11161","modern"
"PF11162","postLUCA"
"PF11163","unclassifiable"
"PF11164","modern"
"PF11165","modern"
"PF11167","unclassifiable"
"PF11169","modern"
"PF11171","postLUCA"
"PF11172","modern"
"PF11173","modern"
"PF11174","modern"
"PF11181","modern"
"PF11184","modern"
"PF11185","postLUCA"
"PF11188","postLUCA"
"PF11189","modern"
"PF11190","modern"
"PF11191","modern"
"PF11193","modern"
"PF11195","modern"
"PF11196","postLUCA"
"PF11197","modern"
"PF11198","modern"
"PF11199","postLUCA"
"PF11201","modern"
"PF11203","modern"
"PF11205","modern"
"PF11207","modern"
"PF11208","modern"
"PF11209","modern"
"PF11210","modern"
"PF11211","unclassifiable"
"PF11213","modern"
"PF11215","modern"
"PF11216","modern"
"PF11217","modern"
"PF11218","modern"
"PF11219","modern"
"PF11220","modern"
"PF11222","modern"
"PF11225","modern"
"PF11227","modern"
"PF11228","modern"
"PF11233","modern"
"PF11236","postLUCA"
"PF11237","modern"
"PF11238","modern"
"PF11239","modern"
"PF11240","modern"
"PF11241","modern"
"PF11248","modern"
"PF11249","modern"
"PF11253","modern"
"PF11255","modern"
"PF11256","modern"
"PF11258","modern"
"PF11259","postLUCA"
"PF11264","modern"
"PF11267","modern"
"PF11268","modern"
"PF11271","modern"
"PF11272","unclassifiable"
"PF11273","modern"
"PF11279","modern"
"PF11280","modern"
"PF11282","modern"
"PF11283","modern"
"PF11284","modern"
"PF11285","modern"
"PF11286","modern"
"PF11287","modern"
"PF11290","modern"
"PF11294","modern"
"PF11295","modern"
"PF11296","modern"
"PF11297","modern"
"PF11298","modern"
"PF11300","modern"
"PF11301","unclassifiable"
"PF11303","modern"
"PF11304","modern"
"PF11305","modern"
"PF11307","modern"
"PF11314","modern"
"PF11317","modern"
"PF11319","modern"
"PF11322","modern"
"PF11324","modern"
"PF11332","modern"
"PF11333","modern"
"PF11335","unclassifiable"
"PF11337","modern"
"PF11338","modern"
"PF11340","modern"
"PF11341","modern"
"PF11342","modern"
"PF11343","modern"
"PF11344","modern"
"PF11346","modern"
"PF11348","modern"
"PF11349","modern"
"PF11351","modern"
"PF11352","modern"
"PF11353","modern"
"PF11360","modern"
"PF11361","modern"
"PF11363","modern"
"PF11368","modern"
"PF11369","postLUCA"
"PF11371","modern"
"PF11373","unclassifiable"
"PF11375","modern"
"PF11376","postLUCA"
"PF11377","modern"
"PF11378","modern"
"PF11380","postLUCA"
"PF11381","postLUCA"
"PF11382","modern"
"PF11385","modern"
"PF11387","modern"
"PF11390","modern"
"PF11391","modern"
"PF11392","modern"
"PF11419","postLUCA"
"PF11431","modern"
"PF11445","modern"
"PF11446","modern"
"PF11450","modern"
"PF11452","modern"
"PF11453","modern"
"PF11454","modern"
"PF11455","modern"
"PF11456","modern"
"PF11457","modern"
"PF11460","modern"
"PF11483","unclassifiable"
"PF11512","unclassifiable"
"PF11518","modern"
"PF11520","modern"
"CL0650","postLUCA"
"PF11534","postLUCA"
"PF11535","postLUCA"
"PF11574","modern"
"PF11575","modern"
"PF11580","unclassifiable"
"PF11588","modern"
"PF11617","postLUCA"
"PF11655","postLUCA"
"PF11660","modern"
"PF11661","modern"
"PF11662","modern"
"PF11665","modern"
"PF11666","unclassifiable"
"PF11679","modern"
"PF11683","modern"
"PF11688","modern"
"PF11691","modern"
"PF11692","modern"
"PF11694","modern"
"PF11697","postLUCA"
"PF11706","modern"
"CL0367","modern"
"PF11724","modern"
"PF11726","modern"
"PF11728","modern"
"PF11730","modern"
"PF11737","modern"
"PF11738","postLUCA"
"PF11739","modern"
"PF11740","modern"
"PF11741","modern"
"PF11742","modern"
"PF11743","modern"
"PF11745","modern"
"PF11747","modern"
"PF11748","modern"
"PF11749","modern"
"PF11750","postLUCA"
"PF11752","modern"
"PF11753","postLUCA"
"PF11755","unclassifiable"
"PF11756","postLUCA"
"PF11760","postLUCA"
"PF11761","postLUCA"
"PF11769","modern"
"PF11772","modern"
"PF11776","modern"
"PF11777","modern"
"PF11780","modern"
"PF11784","postLUCA"
"PF11794","modern"
"PF11795","postLUCA"
"PF11796","modern"
"PF11797","modern"
"PF11799","LUCA"
"PF11800","modern"
"PF11804","modern"
"PF11805","modern"
"PF11808","modern"
"PF11810","modern"
"PF11812","modern"
"PF11815","modern"
"PF11818","postLUCA"
"PF11821","postLUCA"
"PF11823","unclassifiable"
"PF11824","unclassifiable"
"PF11827","modern"
"PF11828","modern"
"PF11829","modern"
"PF11832","postLUCA"
"PF11833","modern"
"PF11842","modern"
"PF11843","modern"
"PF11845","postLUCA"
"PF11848","LUCA"
"PF11850","modern"
"PF11855","postLUCA"
"PF11856","modern"
"PF11859","modern"
"PF11860","postLUCA"
"PF11862","modern"
"PF11863","postLUCA"
"PF11866","modern"
"PF11867","LUCA"
"PF11868","modern"
"PF11870","modern"
"PF11871","modern"
"PF11872","modern"
"PF11873","modern"
"PF11874","modern"
"PF11876","modern"
"PF11877","modern"
"PF11880","modern"
"PF11887","modern"
"PF11888","modern"
"PF11893","modern"
"PF11897","postLUCA"
"PF11898","unclassifiable"
"PF11899","postLUCA"
"PF11902","modern"
"PF11906","modern"
"PF11907","postLUCA"
"PF11909","modern"
"PF11911","modern"
"PF11918","postLUCA"
"PF11920","modern"
"PF11922","postLUCA"
"PF11927","postLUCA"
"PF11932","modern"
"PF11937","modern"
"PF11939","modern"
"PF11943","modern"
"PF11944","modern"
"PF11946","unclassifiable"
"PF11947","modern"
"PF11948","modern"
"PF11950","postLUCA"
"PF11953","modern"
"PF11954","postLUCA"
"PF11959","postLUCA"
"PF11965","postLUCA"
"PF11982","modern"
"PF11984","unclassifiable"
"PF11985","modern"
"PF11987","modern"
"PF11990","modern"
"PF11992","unclassifiable"
"PF11993","modern"
"PF11996","modern"
"PF11998","modern"
"PF11999","postLUCA"
"PF12005","modern"
"PF12006","postLUCA"
"PF12008","postLUCA"
"PF12010","modern"
"PF12028","modern"
"PF12029","modern"
"PF12034","postLUCA"
"PF12038","modern"
"PF12046","modern"
"PF12049","modern"
"PF12055","postLUCA"
"PF12058","modern"
"PF12059","modern"
"PF12060","modern"
"PF12065","modern"
"PF12069","modern"
"PF12071","modern"
"PF12072","postLUCA"
"PF12077","modern"
"PF12079","modern"
"PF12080","modern"
"PF12081","modern"
"PF12083","modern"
"PF12088","modern"
"PF12089","modern"
"PF12091","modern"
"PF12092","modern"
"PF12095","modern"
"PF12096","modern"
"PF12098","postLUCA"
"PF12100","modern"
"PF12101","modern"
"PF12102","postLUCA"
"PF12112","modern"
"PF12118","modern"
"PF12119","modern"
"PF12127","unclassifiable"
"PF12137","modern"
"PF12139","modern"
"PF12158","postLUCA"
"PF12159","unclassifiable"
"PF12161","LUCA"
"PF12164","modern"
"PF12170","modern"
"PF12176","unclassifiable"
"PF12186","modern"
"PF12200","modern"
"PF12221","modern"
"PF12222","unclassifiable"
"PF12225","LUCA"
"PF12227","modern"
"PF12229","unclassifiable"
"PF12236","modern"
"PF12244","postLUCA"
"PF12249","modern"
"PF12255","postLUCA"
"PF12263","unclassifiable"
"PF12270","modern"
"PF12276","modern"
"PF12277","postLUCA"
"PF12279","modern"
"PF12288","modern"
"PF12290","modern"
"PF12293","modern"
"PF12294","postLUCA"
"PF12307","modern"
"PF12318","modern"
"PF12320","unclassifiable"
"PF12321","modern"
"CL0442","postLUCA"
"PF12339","modern"
"PF12345","postLUCA"
"PF12362","modern"
"PF12367","LUCA"
"PF12368","modern"
"PF12389","unclassifiable"
"PF12390","postLUCA"
"PF12391","postLUCA"
"PF12392","postLUCA"
"PF12395","modern"
"PF12401","modern"
"PF12404","modern"
"PF12408","modern"
"PF12411","modern"
"PF12412","postLUCA"
"PF12418","postLUCA"
"PF12419","unclassifiable"
"PF12434","modern"
"PF12437","postLUCA"
"PF12438","modern"
"PF12439","postLUCA"
"PF12447","modern"
"PF12450","postLUCA"
"PF12452","modern"
"PF12458","modern"
"PF12459","modern"
"PF12462","modern"
"PF12471","modern"
"PF12476","postLUCA"
"PF12483","postLUCA"
"PF12484","modern"
"PF12487","modern"
"PF12500","modern"
"PF12501","modern"
"PF12502","modern"
"PF12508","modern"
"PF12514","modern"
"PF12525","modern"
"PF12527","modern"
"PF12531","modern"
"PF12532","postLUCA"
"PF12535","postLUCA"
"PF12536","modern"
"PF12544","postLUCA"
"PF12545","modern"
"PF12551","modern"
"PF12553","modern"
"PF12555","modern"
"PF12556","modern"
"PF12557","modern"
"PF12558","modern"
"PF12559","modern"
"PF12564","postLUCA"
"PF12565","modern"
"PF12570","unclassifiable"
"PF12571","modern"
"PF12573","modern"
"PF12587","modern"
"PF12599","modern"
"PF12607","modern"
"PF12611","modern"
"PF12616","modern"
"PF12617","modern"
"PF12623","modern"
"PF12625","postLUCA"
"PF12626","modern"
"PF12627","postLUCA"
"PF12631","postLUCA"
"PF12636","modern"
"PF12637","postLUCA"
"PF12638","modern"
"PF12644","unclassifiable"
"PF12646","modern"
"PF12647","postLUCA"
"PF12648","modern"
"PF12652","modern"
"PF12654","postLUCA"
"PF12655","modern"
"PF12663","postLUCA"
"PF12666","modern"
"PF12668","modern"
"PF12669","postLUCA"
"PF12670","modern"
"PF12672","modern"
"PF12674","postLUCA"
"PF12675","unclassifiable"
"PF12685","modern"
"PF12686","LUCA"
"PF12687","modern"
"PF12713","modern"
"PF12732","postLUCA"
"PF12758","modern"
"PF12769","postLUCA"
"PF12779","postLUCA"
"PF12787","postLUCA"
"PF12788","modern"
"PF12789","unclassifiable"
"PF12791","modern"
"PF12792","modern"
"PF12794","modern"
"PF12795","unclassifiable"
"PF12806","postLUCA"
"PF12823","modern"
"PF12841","modern"
"PF12843","postLUCA"
"PF12864","modern"
"PF12889","modern"
"PF12911","LUCA"
"PF12912","modern"
"PF12918","unclassifiable"
"PF12945","modern"
"PF12952","modern"
"PF12953","modern"
"PF12957","modern"
"PF12958","modern"
"PF12970","modern"
"PF12972","postLUCA"
"PF12977","modern"
"PF12982","modern"
"PF12984","modern"
"PF12986","modern"
"PF12987","modern"
"PF12991","modern"
"PF12996","postLUCA"
"PF13005","unclassifiable"
"PF13006","unclassifiable"
"PF13007","postLUCA"
"PF13018","unclassifiable"
"PF13021","postLUCA"
"PF13025","modern"
"PF13027","modern"
"PF13030","postLUCA"
"PF13032","modern"
"PF13037","modern"
"PF13038","modern"
"PF13039","modern"
"PF13040","modern"
"PF13047","modern"
"PF13072","modern"
"PF13076","modern"
"PF13084","modern"
"PF13089","modern"
"PF13111","modern"
"PF13127","modern"
"PF13129","modern"
"PF13146","modern"
"PF13148","postLUCA"
"PF13154","modern"
"PF13157","modern"
"PF13160","modern"
"PF13163","modern"
"PF13165","modern"
"PF13167","unclassifiable"
"PF13170","modern"
"PF13171","modern"
"PF13182","modern"
"PF13186","LUCA"
"PF13190","postLUCA"
"CL0531","LUCA"
"PF13194","modern"
"PF13195","LUCA"
"PF13196","modern"
"PF13197","postLUCA"
"PF13208","postLUCA"
"PF13223","modern"
"PF13224","modern"
"PF13226","postLUCA"
"PF13228","postLUCA"
"PF13239","postLUCA"
"PF13244","postLUCA"
"PF13250","modern"
"PF13252","modern"
"PF13253","modern"
"PF13262","modern"
"PF13267","modern"
"PF13271","LUCA"
"PF13274","postLUCA"
"PF13282","postLUCA"
"PF13286","postLUCA"
"PF13296","modern"
"PF13298","LUCA"
"PF13301","unclassifiable"
"PF13308","postLUCA"
"PF13310","LUCA"
"PF13311","postLUCA"
"PF13312","modern"
"PF13313","modern"
"PF13318","modern"
"PF13326","modern"
"PF13331","modern"
"PF13340","postLUCA"
"PF13351","modern"
"PF13368","postLUCA"
"PF13376","postLUCA"
"PF13382","LUCA"
"PF13387","postLUCA"
"PF13396","postLUCA"
"PF13397","modern"
"PF13399","postLUCA"
"PF13427","modern"
"PF13430","postLUCA"
"PF13438","postLUCA"
"PF13448","postLUCA"
"PF13464","postLUCA"
"PF13475","postLUCA"
"PF13491","postLUCA"
"PF13493","postLUCA"
"PF13503","unclassifiable"
"PF13511","modern"
"PF13547","modern"
"PF13548","postLUCA"
"PF13552","modern"
"PF13559","postLUCA"
"PF13562","modern"
"PF13566","modern"
"PF13567","postLUCA"
"PF13569","postLUCA"
"PF13571","modern"
"PF13595","modern"
"PF13600","modern"
"PF13605","modern"
"PF13617","modern"
"PF13618","postLUCA"
"PF13619","postLUCA"
"PF13625","modern"
"PF13630","LUCA"
"PF13644","postLUCA"
"PF13651","postLUCA"
"PF13655","postLUCA"
"PF13657","postLUCA"
"PF13660","postLUCA"
"PF13663","modern"
"PF13665","modern"
"PF13667","modern"
"PF13675","postLUCA"
"PF13677","postLUCA"
"PF13681","modern"
"PF13682","postLUCA"
"PF13687","postLUCA"
"PF13689","modern"
"PF13698","modern"
"PF13700","postLUCA"
"PF13707","postLUCA"
"PF13708","modern"
"PF13711","postLUCA"
"PF13721","modern"
"PF13722","postLUCA"
"PF13731","modern"
"PF13732","LUCA"
"PF13734","modern"
"PF13739","postLUCA"
"PF13747","modern"
"PF13755","modern"
"PF13763","modern"
"CL0669","postLUCA"
"PF13769","modern"
"PF13770","modern"
"PF13773","modern"
"PF13776","postLUCA"
"PF13779","unclassifiable"
"PF13780","modern"
"PF13782","modern"
"PF13783","postLUCA"
"PF13784","postLUCA"
"PF13785","postLUCA"
"PF13787","postLUCA"
"PF13788","postLUCA"
"PF13789","modern"
"PF13790","modern"
"PF13791","modern"
"PF13796","unclassifiable"
"PF13797","modern"
"PF13798","modern"
"PF13799","modern"
"PF13800","modern"
"PF13807","postLUCA"
"PF13808","postLUCA"
"PF13811","unclassifiable"
"PF13817","postLUCA"
"PF13822","modern"
"PF13827","modern"
"PF13828","postLUCA"
"PF13829","modern"
"PF13830","modern"
"PF13834","modern"
"PF13845","modern"
"PF13852","postLUCA"
"PF13858","postLUCA"
"PF13884","postLUCA"
"PF13910","postLUCA"
"PF13937","modern"
"PF13938","postLUCA"
"PF13946","postLUCA"
"PF13948","modern"
"PF13954","modern"
"PF13986","modern"
"PF13988","modern"
"PF13994","modern"
"PF13997","modern"
"PF14003","modern"
"PF14004","modern"
"PF14005","modern"
"PF14006","modern"
"PF14011","modern"
"PF14012","modern"
"PF14013","modern"
"PF14014","postLUCA"
"CL0676","postLUCA"
"PF14016","modern"
"PF14017","modern"
"PF14018","unclassifiable"
"PF14019","modern"
"PF14020","postLUCA"
"PF14022","postLUCA"
"PF14023","unclassifiable"
"PF14024","postLUCA"
"PF14025","postLUCA"
"PF14027","modern"
"PF14028","postLUCA"
"PF14029","modern"
"PF14030","modern"
"PF14034","modern"
"PF14035","modern"
"PF14036","modern"
"PF14038","modern"
"PF14039","modern"
"PF14040","modern"
"PF14041","modern"
"PF14042","modern"
"PF14043","modern"
"PF14044","modern"
"PF14045","modern"
"PF14054","modern"
"PF14056","modern"
"PF14057","postLUCA"
"PF14058","modern"
"PF14059","modern"
"PF14060","modern"
"PF14062","postLUCA"
"PF14063","modern"
"PF14064","modern"
"PF14065","postLUCA"
"PF14066","postLUCA"
"PF14067","modern"
"PF14068","modern"
"PF14069","modern"
"PF14070","postLUCA"
"PF14071","modern"
"PF14072","postLUCA"
"PF14078","modern"
"PF14079","unclassifiable"
"PF14080","postLUCA"
"PF14081","postLUCA"
"PF14084","modern"
"PF14085","modern"
"PF14086","modern"
"PF14087","postLUCA"
"PF14088","postLUCA"
"PF14089","modern"
"PF14093","modern"
"PF14094","postLUCA"
"PF14096","postLUCA"
"PF14097","modern"
"PF14098","modern"
"PF14100","postLUCA"
"PF14102","modern"
"PF14103","postLUCA"
"PF14104","postLUCA"
"PF14105","modern"
"PF14106","postLUCA"
"PF14107","modern"
"PF14108","modern"
"PF14109","modern"
"PF14110","postLUCA"
"PF14112","postLUCA"
"PF14116","modern"
"PF14117","postLUCA"
"PF14119","postLUCA"
"PF14120","modern"
"PF14123","modern"
"PF14124","postLUCA"
"PF14126","modern"
"PF14127","modern"
"PF14128","modern"
"PF14129","modern"
"PF14130","postLUCA"
"PF14131","postLUCA"
"PF14134","modern"
"PF14135","modern"
"PF14136","postLUCA"
"PF14137","postLUCA"
"PF14141","modern"
"PF14143","modern"
"PF14145","modern"
"PF14146","modern"
"PF14147","modern"
"PF14148","modern"
"PF14149","modern"
"PF14153","modern"
"PF14155","modern"
"PF14158","modern"
"PF14159","modern"
"PF14163","modern"
"PF14165","modern"
"PF14167","modern"
"PF14168","modern"
"PF14169","modern"
"PF14173","modern"
"PF14174","modern"
"PF14175","postLUCA"
"PF14177","modern"
"PF14179","modern"
"PF14181","modern"
"PF14183","modern"
"PF14191","modern"
"PF14193","modern"
"PF14194","modern"
"PF14198","modern"
"PF14199","modern"
"PF14202","modern"
"PF14205","modern"
"PF14206","postLUCA"
"PF14208","modern"
"PF14209","modern"
"PF14210","modern"
"PF14216","modern"
"PF14217","modern"
"PF14218","modern"
"PF14219","postLUCA"
"PF14220","postLUCA"
"PF14221","modern"
"PF14224","postLUCA"
"PF14230","modern"
"PF14231","postLUCA"
"PF14232","unclassifiable"
"PF14233","modern"
"PF14234","unclassifiable"
"PF14235","postLUCA"
"PF14236","postLUCA"
"CL0673","postLUCA"
"PF14238","postLUCA"
"PF14239","modern"
"PF14240","postLUCA"
"PF14242","postLUCA"
"PF14248","postLUCA"
"PF14249","modern"
"PF14251","postLUCA"
"PF14253","postLUCA"
"PF14255","modern"
"PF14256","postLUCA"
"PF14257","unclassifiable"
"PF14261","modern"
"PF14265","modern"
"PF14266","modern"
"PF14267","postLUCA"
"PF14268","postLUCA"
"PF14270","modern"
"PF14271","modern"
"PF14273","modern"
"PF14274","modern"
"PF14275","modern"
"PF14276","modern"
"PF14280","postLUCA"
"PF14282","modern"
"PF14283","unclassifiable"
"PF14284","postLUCA"
"PF14285","unclassifiable"
"PF14287","modern"
"PF14289","modern"
"PF14293","modern"
"PF14294","modern"
"PF14300","postLUCA"
"PF14301","modern"
"PF14302","modern"
"PF14316","postLUCA"
"PF14319","postLUCA"
"PF14321","modern"
"PF14325","modern"
"PF14326","postLUCA"
"PF14328","postLUCA"
"PF14329","LUCA"
"PF14330","modern"
"PF14331","modern"
"PF14332","postLUCA"
"PF14333","modern"
"PF14334","modern"
"PF14335","postLUCA"
"PF14336","modern"
"PF14340","postLUCA"
"PF14341","modern"
"PF14342","postLUCA"
"PF14343","postLUCA"
"PF14345","postLUCA"
"PF14346","modern"
"PF14347","unclassifiable"
"PF14348","modern"
"PF14349","modern"
"PF14350","postLUCA"
"PF14351","postLUCA"
"PF14352","modern"
"PF14355","postLUCA"
"PF14356","modern"
"PF14357","modern"
"PF14362","postLUCA"
"PF14366","modern"
"PF14373","postLUCA"
"PF14375","modern"
"PF14385","modern"
"PF14386","modern"
"PF14387","modern"
"PF14393","postLUCA"
"PF14395","modern"
"PF14400","unclassifiable"
"PF14401","postLUCA"
"PF14402","modern"
"PF14413","postLUCA"
"PF14430","modern"
"CL0695","postLUCA"
"PF14449","postLUCA"
"CL0208","postLUCA"
"PF14472","modern"
"PF14480","modern"
"PF14491","postLUCA"
"PF14494","modern"
"PF14504","modern"
"PF14551","postLUCA"
"PF14581","modern"
"PF14584","modern"
"PF14601","postLUCA"
"PF14682","modern"
"PF14684","postLUCA"
"PF14689","modern"
"PF14693","postLUCA"
"PF14698","postLUCA"
"PF14706","postLUCA"
"PF14711","modern"
"PF14714","modern"
"PF14715","modern"
"PF14720","postLUCA"
"PF14730","modern"
"PF14742","unclassifiable"
"PF14760","unclassifiable"
"PF14771","modern"
"PF14785","modern"
"PF14789","modern"
"PF14790","modern"
"PF14791","postLUCA"
"PF14793","modern"
"PF14794","modern"
"PF14804","modern"
"PF14805","postLUCA"
"PF14811","modern"
"CL0664","postLUCA"
"PF14821","modern"
"PF14824","postLUCA"
"PF14850","modern"
"PF14873","modern"
"PF14882","modern"
"PF14894","modern"
"PF14898","modern"
"PF14899","modern"
"PF14902","modern"
"PF14903","postLUCA"
"PF15071","modern"
"PF15420","modern"
"PF15428","postLUCA"
"PF15461","postLUCA"
"PF15567","modern"
"PF15575","postLUCA"
"PF15580","postLUCA"
"PF15594","postLUCA"
"PF15595","postLUCA"
"PF15607","postLUCA"
"PF15611","modern"
"PF15615","unclassifiable"
"PF15631","unclassifiable"
"PF15864","modern"
"PF15889","modern"
"PF15915","modern"
"PF15975","postLUCA"
"PF15980","modern"
"PF15983","modern"
"CL0560","modern"
"PF16068","modern"
"PF16069","modern"
"PF16074","modern"
"PF16075","modern"
"PF16078","postLUCA"
"CL0562","modern"
"CL0563","modern"
"PF16095","postLUCA"
"PF16107","modern"
"PF16108","modern"
"PF16110","modern"
"PF16115","modern"
"PF16116","postLUCA"
"PF16117","modern"
"PF16118","modern"
"PF16119","modern"
"PF16120","modern"
"PF16124","postLUCA"
"PF16125","modern"
"PF16130","modern"
"PF16137","modern"
"PF16138","modern"
"PF16147","unclassifiable"
"PF16148","modern"
"PF16153","postLUCA"
"PF16155","modern"
"PF16157","modern"
"PF16162","postLUCA"
"PF16166","modern"
"PF16169","modern"
"PF16170","modern"
"PF16173","postLUCA"
"PF16188","postLUCA"
"PF16192","modern"
"PF16199","LUCA"
"PF16200","modern"
"PF16216","postLUCA"
"PF16217","modern"
"PF16220","modern"
"PF16233","modern"
"PF16234","modern"
"PF16239","modern"
"PF16248","modern"
"PF16250","modern"
"PF16256","modern"
"PF16259","modern"
"PF16266","modern"
"PF16267","modern"
"PF16271","modern"
"PF16286","postLUCA"
"PF16296","modern"
"PF16316","postLUCA"
"PF16320","unclassifiable"
"PF16321","modern"
"PF16326","modern"
"PF16327","modern"
"PF16330","modern"
"PF16331","modern"
"PF16334","modern"
"PF16335","modern"
"PF16350","modern"
"PF16356","modern"
"PF16360","unclassifiable"
"PF16361","modern"
"PF16373","modern"
"PF16375","postLUCA"
"PF16378","modern"
"PF16398","modern"
"PF16409","modern"
"PF16410","modern"
"PF16411","modern"
"PF16448","modern"
"PF16468","modern"
"PF16481","modern"
"PF16483","postLUCA"
"PF16491","postLUCA"
"PF16510","modern"
"PF16525","modern"
"PF16548","modern"
"PF16554","modern"
"PF16571","modern"
"CL0693","postLUCA"
"PF16593","modern"
"PF16639","modern"
"PF16691","modern"
"PF16693","unclassifiable"
"PF16694","postLUCA"
"PF16701","modern"
"PF16702","postLUCA"
"PF16708","modern"
"PF16751","modern"
"CL0752","modern"
"PF16793","modern"
"PF16798","modern"
"PF16823","modern"
"PF16827","modern"
"PF16844","modern"
"PF16861","postLUCA"
"PF16872","postLUCA"
"PF16881","postLUCA"
"PF16886","postLUCA"
"PF16888","modern"
"PF16896","modern"
"PF16897","postLUCA"
"PF16916","LUCA"
"PF16919","modern"
"PF16926","modern"
"PF16932","modern"
"PF16935","modern"
"PF16945","modern"
"PF16947","unclassifiable"
"PF16951","modern"
"PF16952","modern"
"PF16982","modern"
"PF16989","modern"
"PF16995","modern"
"PF17042","postLUCA"
"PF17070","modern"
"PF17101","postLUCA"
"PF17102","modern"
"PF17103","unclassifiable"
"PF17132","postLUCA"
"PF17137","unclassifiable"
"PF17140","modern"
"PF17148","modern"
"PF17150","modern"
"PF17162","modern"
"PF17166","modern"
"PF17188","modern"
"PF17192","modern"
"PF17193","modern"
"PF17195","modern"
"PF17196","modern"
"PF17197","modern"
"PF17198","modern"
"PF17228","modern"
"PF17230","modern"
"PF17231","postLUCA"
"PF17240","modern"
"PF17247","modern"
"PF17248","modern"
"PF17249","modern"
"PF17252","modern"
"PF17253","postLUCA"
"PF17258","modern"
"PF17259","modern"
"PF17260","modern"
"PF17261","modern"
"PF17263","modern"
"PF17264","modern"
"PF17265","modern"
"PF17267","modern"
"PF17270","modern"
"PF17272","modern"
"PF17273","modern"
"PF17277","modern"
"PF17280","modern"
"PF17284","postLUCA"
"PF17291","postLUCA"
"PF17295","modern"
"PF17297","unclassifiable"
"PF17299","modern"
"PF17302","modern"
"PF17319","postLUCA"
"PF17328","modern"
"PF17329","modern"
"PF17376","modern"
"PF17377","modern"
"PF17391","postLUCA"
"PF17392","postLUCA"
"PF17401","modern"
"PF17408","modern"
"PF17415","modern"
"PF17428","modern"
"PF17435","modern"
"PF17446","modern"
"PF17455","modern"
"PF17458","modern"
"PF17459","modern"
"PF17461","modern"
"PF17479","modern"
"PF17481","modern"
"PF17517","modern"
"PF17541","modern"
"PF17555","modern"
"PF17561","modern"
"PF17642","modern"
"PF17647","modern"
"PF17650","modern"
"PF17651","LUCA"
"PF17653","postLUCA"
"PF17656","modern"
"PF17657","modern"
"PF17660","postLUCA"
"PF17727","modern"
"PF17755","unclassifiable"
"PF17760","LUCA"
"PF17763","postLUCA"
"PF17764","modern"
"PF17770","postLUCA"
"PF17777","postLUCA"
"PF17792","modern"
"PF17804","modern"
"PF17810","postLUCA"
"PF17827","postLUCA"
"PF17841","modern"
"PF17854","unclassifiable"
"PF17882","modern"
"CL0682","postLUCA"
"PF17884","postLUCA"
"PF17885","modern"
"PF17898","modern"
"PF17910","LUCA"
"PF17914","modern"
"PF17944","postLUCA"
"PF17948","modern"
"PF17956","postLUCA"
"PF17969","modern"
"PF17975","postLUCA"
"PF17985","modern"
"PF18006","modern"
"PF18027","postLUCA"
"PF18053","modern"
"CL0658","modern"
"PF18069","unclassifiable"
"PF18072","LUCA"
"PF18074","modern"
"PF18076","modern"
"PF18079","modern"
"PF18083","postLUCA"
"PF18085","unclassifiable"
"PF18088","unclassifiable"
"PF18096","modern"
"PF18125","modern"
"PF18127","modern"
"PF18130","modern"
"PF18134","postLUCA"
"PF18140","modern"
"PF18143","modern"
"PF18145","postLUCA"
"PF18146","postLUCA"
"PF18152","unclassifiable"
"PF18153","postLUCA"
"PF18154","modern"
"PF18155","modern"
"PF18157","modern"
"PF18195","postLUCA"
"PF18197","unclassifiable"
"PF18203","modern"
"PF18204","modern"
"PF18211","postLUCA"
"PF18269","postLUCA"
"PF18277","modern"
"PF18288","modern"
"PF18294","modern"
"PF18301","unclassifiable"
"PF18312","modern"
"PF18317","LUCA"
"PF18318","postLUCA"
"PF18324","postLUCA"
"PF18327","modern"
"PF18328","modern"
"PF18331","modern"
"PF18364","modern"
"PF18367","modern"
"PF18369","modern"
"PF18393","modern"
"PF18395","modern"
"PF18406","postLUCA"
"PF18412","modern"
"PF18415","modern"
"PF18416","modern"
"PF18417","postLUCA"
"PF18423","unclassifiable"
"PF18426","modern"
"PF18427","modern"
"PF18429","modern"
"PF18431","postLUCA"
"PF18433","modern"
"PF18456","modern"
"PF18458","unclassifiable"
"PF18462","modern"
"PF18489","modern"
"PF18494","modern"
"PF18533","modern"
"PF18537","postLUCA"
"PF18541","postLUCA"
"PF18545","modern"
"PF18551","postLUCA"
"PF18557","modern"
"PF18563","postLUCA"
"PF18571","modern"
"CL0100","modern"
"PF18578","modern"
"PF18582","modern"
"PF18583","modern"
"PF18588","modern"
"PF18593","modern"
"PF18602","modern"
"PF18604","modern"
"PF18616","modern"
"PF18620","modern"
"PF18677","modern"
"PF18754","postLUCA"
"PF18755","modern"
"PF18780","unclassifiable"
"PF18796","postLUCA"
"PF18798","unclassifiable"
"PF18801","modern"
"CL0688","postLUCA"
"PF18821","modern"
"PF18857","unclassifiable"
"PF18860","modern"
"PF18862","postLUCA"
"PF18863","postLUCA"
"PF18864","postLUCA"
"PF18878","modern"
"PF18885","postLUCA"
"PF18888","postLUCA"
"PF18893","modern"
"PF18897","modern"
"PF18898","postLUCA"
"PF18900","modern"
"PF18901","modern"
"PF18902","LUCA"
"PF18903","unclassifiable"
"PF18904","modern"
"PF18905","postLUCA"
"PF18906","postLUCA"
"PF18907","postLUCA"
"PF18910","postLUCA"
"PF18913","postLUCA"
"PF18916","postLUCA"
"PF18917","postLUCA"
"PF18918","modern"
"PF18919","modern"
"PF18920","postLUCA"
"PF18921","modern"
"PF18922","postLUCA"
"PF18924","modern"
"PF18925","modern"
"PF18926","unclassifiable"
"PF18927","modern"
"PF18928","postLUCA"
"PF18929","LUCA"
"PF18930","modern"
"PF18931","unclassifiable"
"PF18932","unclassifiable"
"PF18934","postLUCA"
"PF18935","modern"
"PF18936","postLUCA"
"PF18937","modern"
"PF18940","modern"
"PF18942","modern"
"PF18946","modern"
"PF18948","modern"
"PF18949","modern"
"PF18950","postLUCA"
"PF18951","unclassifiable"
"PF18955","modern"
"PF18956","unclassifiable"
"PF18959","modern"
"PF18960","modern"
"PF18963","modern"
"PF18964","modern"
"PF18967","postLUCA"
"PF18970","modern"
"PF18974","modern"
"PF18976","modern"
"PF18977","modern"
"PF18979","unclassifiable"
"PF18982","modern"
"PF18985","modern"
"PF18986","modern"
"PF18991","postLUCA"
"PF19027","unclassifiable"
"PF19053","modern"
"PF19079","modern"
"PF19090","modern"
"PF19091","modern"
"PF19093","modern"
"CL0706","modern"
"PF19095","modern"
"PF19096","modern"
"PF19098","modern"
"PF19099","modern"
"PF19100","modern"
"PF19101","modern"
"PF19102","modern"
"PF19103","modern"
"PF19104","modern"
"PF19106","modern"
"PF19107","modern"
"PF19108","modern"
"PF19109","modern"
"PF19110","modern"
"PF19111","unclassifiable"
"PF19113","modern"
"PF19115","modern"
"PF19116","modern"
"PF19118","modern"
"PF19119","modern"
"PF19120","modern"
"PF19122","modern"
"PF19123","modern"
"PF19124","modern"
"PF19125","modern"
"PF19126","modern"
"PF19128","modern"
"PF19129","modern"
"PF19130","modern"
"PF19131","modern"
"PF19132","modern"
"PF19133","modern"
"PF19134","modern"
"PF19135","modern"
"PF19136","modern"
"PF19137","modern"
"PF19138","modern"
"PF19139","modern"
"PF19145","modern"
"PF19146","modern"
"PF19148","modern"
"PF19247","modern"
"PF19258","modern"
"PF19264","modern"
"PF19265","modern"
"PF19266","postLUCA"
"PF19268","modern"
"PF19269","postLUCA"
"PF19275","modern"
"PF19276","LUCA"
"PF19277","modern"
"PF19278","LUCA"
"CL0701","LUCA"
"PF19288","postLUCA"
"PF19289","LUCA"
"PF19290","LUCA"
"PF19291","postLUCA"
"PF19292","modern"
"PF19293","postLUCA"
"PF19294","modern"
"PF19295","postLUCA"
"PF19296","modern"
"PF19297","modern"
"PF19300","LUCA"
"PF19302","postLUCA"
"PF19306","postLUCA"
"PF19310","postLUCA"
"PF19312","modern"
"PF19319","modern"
"PF19320","modern"
"PF19328","unclassifiable"
"PF19346","modern"
"PF19347","modern"
"PF19348","modern"
"PF19349","modern"
"PF19350","modern"
"PF19351","modern"
"PF19353","modern"
"PF19354","modern"
"PF19356","modern"
"PF19357","modern"
"PF19358","modern"
"PF19359","modern"
"PF19360","modern"
"PF19361","modern"
"PF19362","modern"
"PF19363","modern"
"PF19364","modern"
"PF19365","modern"
"PF19366","modern"
"PF19367","modern"
"PF19371","postLUCA"
"PF19372","modern"
"PF19378","modern"
"PF19402","modern"
"PF19404","modern"
"PF19425","modern"
"PF19436","modern"
"PF19443","modern"
"PF19447","modern"
"PF19450","modern"
"PF19452","modern"
"PF19455","modern"
"PF19456","modern"
"PF19457","modern"
"PF19458","postLUCA"
"PF19459","postLUCA"
"PF19460","modern"
"PF19461","modern"
"PF19462","modern"
"PF19473","postLUCA"
"PF19474","postLUCA"
"PF19481","modern"
"PF19484","modern"
"PF19493","unclassifiable"
"PF19512","modern"
"PF19516","modern"
"PF19524","modern"
"PF19527","postLUCA"
"PF19528","postLUCA"
"PF19529","modern"
"PF19530","modern"
"PF19538","postLUCA"
"PF19539","modern"
"PF19540","unclassifiable"
"PF19541","modern"
"PF19545","modern"
"PF19556","modern"
"PF19558","modern"
"PF19560","modern"
"PF19562","unclassifiable"
"PF19578","modern"
"PF19582","modern"
"PF19588","postLUCA"
"PF19589","modern"
"PF19596","modern"
"PF19599","modern"
"PF19605","unclassifiable"
"PF19606","modern"
"PF19607","modern"
"PF19608","modern"
"PF19609","unclassifiable"
"PF19614","postLUCA"
"PF19617","modern"
"PF19620","unclassifiable"
"PF19621","modern"
"PF19622","modern"
"PF19626","modern"
"PF19628","modern"
"PF19629","modern"
"PF19631","unclassifiable"
"PF19635","modern"
"PF19638","modern"
"PF19643","modern"
"PF19646","modern"
"PF19648","modern"
"PF19649","modern"
"PF19650","modern"
"PF19651","modern"
"PF19652","modern"
"PF19654","postLUCA"
"PF19655","modern"
"PF19656","unclassifiable"
"PF19660","modern"
"PF19661","modern"
"PF19662","modern"
"PF19663","modern"
"PF19664","modern"
"PF19665","modern"
"PF19668","modern"
"PF19669","modern"
"PF19670","modern"
"PF19671","postLUCA"
"PF19673","unclassifiable"
"PF19674","modern"
"PF19676","modern"
"PF19677","modern"
"PF19686","modern"
"PF19690","modern"
"PF19707","modern"
"PF19728","modern"
"PF19730","modern"
"PF19732","modern"
"PF19733","modern"
"PF19741","modern"
"PF19742","modern"
"PF19744","postLUCA"
"PF19754","modern"
"PF19755","modern"
"PF19760","modern"
"PF19762","postLUCA"
"PF19765","modern"
"PF19769","modern"
"PF19775","unclassifiable"
"PF19777","postLUCA"
"PF19780","postLUCA"
"PF19781","modern"
"PF19785","modern"
"PF19786","modern"
"PF19788","postLUCA"
"PF19789","modern"
"PF19792","modern"
"PF19794","modern"
"PF19795","modern"
"PF19796","modern"
"PF19801","modern"
"PF19802","modern"
"PF19803","modern"
"PF19809","modern"
"PF19814","modern"
"PF19815","postLUCA"
"PF19818","modern"
"PF19824","modern"
"PF19827","modern"
"PF19833","modern"
"PF19834","postLUCA"
"PF19841","modern"
"PF19843","modern"
"PF19844","modern"
"PF19845","modern"
"PF19848","modern"
"PF19849","modern"
"PF19850","modern"
"PF19851","postLUCA"
"PF19852","modern"
"PF19853","modern"
"PF19865","postLUCA"
"PF19866","modern"
"PF19868","modern"
"PF19870","modern"
"PF19872","postLUCA"
"PF19877","modern"
"PF19883","modern"
"PF19886","modern"
"PF19887","modern"
"PF19888","postLUCA"
"PF19893","modern"
"PF19898","unclassifiable"
"PF19906","unclassifiable"
"PF19909","modern"
"PF19911","modern"
"PF19912","modern"
"PF19916","modern"
"PF19927","modern"
"PF19928","modern"
"PF19931","modern"
"PF19935","modern"
"PF19937","modern"
"PF19939","modern"
"PF19950","modern"
"PF19953","modern"
"CL0041","postLUCA"
"PF19985","modern"
"PF19992","modern"
"PF20001","modern"
"PF20008","postLUCA"
"PF20009","postLUCA"
"PF20013","modern"
"PF20014","modern"
"PF20020","unclassifiable"
"PF20026","unclassifiable"
"PF20027","modern"
"PF20028","modern"
"PF20033","modern"
"PF20035","modern"
"PF20037","modern"
"PF20039","modern"
"PF20040","modern"
"PF20041","modern"
"PF20042","postLUCA"
"PF20043","modern"
"PF20044","modern"
"PF20045","modern"
"PF20046","unclassifiable"
"PF20047","modern"
"PF20050","modern"
"PF20056","modern"
"PF20057","modern"
"PF20058","modern"
"PF20059","modern"
"PF20060","modern"
"PF20061","modern"
"PF20062","modern"
"PF20064","unclassifiable"
"PF20065","modern"
"PF20068","unclassifiable"
"PF20072","modern"
"PF20074","modern"
"PF20077","modern"
"PF20078","modern"
"PF20079","modern"
"PF20080","modern"
"PF20082","modern"
"PF20083","modern"
"PF20084","modern"
"PF20086","modern"
"PF20087","modern"
"PF20088","modern"
"PF20089","modern"
"PF20090","modern"
"PF20092","modern"
"PF20094","modern"
"PF20095","postLUCA"
"PF20096","modern"
"PF20097","unclassifiable"
"PF20099","modern"
"PF20101","modern"
"PF20102","postLUCA"
"PF20104","modern"
"PF20105","modern"
"PF20106","postLUCA"
"PF20107","modern"
"PF20108","unclassifiable"
"PF20109","modern"
"PF20110","modern"
"PF20111","modern"
"PF20112","modern"
"PF20113","modern"
"PF20114","postLUCA"
"PF20115","modern"
"PF20116","postLUCA"
"PF20117","modern"
"PF20118","postLUCA"
"PF20119","modern"
"PF20120","modern"
"PF20121","modern"
"PF20122","modern"
"PF20123","unclassifiable"
"PF20124","modern"
"PF20125","postLUCA"
"PF20126","postLUCA"
"PF20127","modern"
"PF20128","modern"
"PF20129","modern"
"PF20130","modern"
"PF20131","postLUCA"
"PF20132","modern"
"PF20134","modern"
"PF20135","modern"
"PF20136","modern"
"PF20137","unclassifiable"
"PF20138","postLUCA"
"PF20140","modern"
"PF20142","modern"
"PF20148","postLUCA"
"PF20154","postLUCA"
"PF20155","postLUCA"
"PF20157","modern"
"PF20169","modern"
"PF20172","modern"
"PF20176","modern"
"PF20177","modern"
"PF20181","unclassifiable"
"PF20182","modern"
"PF20199","modern"
"PF20208","postLUCA"
"PF20213","postLUCA"
"PF20216","modern"
"PF20217","unclassifiable"
"PF20220","postLUCA"
"PF20226","modern"
"PF20227","modern"
"PF20228","modern"
"PF20232","modern"
"PF20239","postLUCA"
"PF20240","postLUCA"
"PF20242","postLUCA"
"PF20243","postLUCA"
"PF20245","postLUCA"
"PF20247","postLUCA"
"PF20248","postLUCA"
"PF20249","modern"
"PF20250","postLUCA"
"PF20254","postLUCA"
"PF20257","unclassifiable"
"PF20265","modern"
"PF20275","unclassifiable"
"PF20282","modern"
"PF20283","modern"
"PF20288","modern"
"PF20311","modern"
"PF20327","modern"
"PF20329","postLUCA"
"PF20332","modern"
"PF20334","modern"
"PF20340","modern"
"PF20343","modern"
"PF20347","modern"
"PF20348","modern"
"PF20349","modern"
"PF20358","modern"
"PF20364","modern"
"PF20365","modern"
"PF20381","modern"
"PF20382","modern"
"PF20383","postLUCA"
"PF20384","modern"
"PF20386","modern"
"PF20389","modern"
"PF20391","modern"
"PF20393","postLUCA"
"PF20410","modern"
"PF20419","modern"
"PF20420","modern"
"PF20423","modern"
"PF20429","modern"
"PF20437","postLUCA"
"PF20438","modern"
"PF20439","modern"
"PF20442","postLUCA"
"PF20444","modern"
"PF20447","modern"
"PF20448","modern"
"PF20455","modern"
"PF20459","modern"
"PF20461","postLUCA"
"PF20464","postLUCA"
"PF20465","postLUCA"
"PF20466","postLUCA"
"PF20467","postLUCA"
"PF20487","modern"
"PF20498","modern"
"PF20501","postLUCA"
"PF20509","modern"
"PF20512","modern"
"PF20530","modern"
"PF20542","modern"
"PF20543","modern"
"PF20544","modern"
"PF20545","modern"
"PF20546","modern"
"PF20547","modern"
"PF20549","modern"
"PF20551","modern"
"PF20554","modern"
"PF20556","modern"
"PF20560","postLUCA"
"PF20563","modern"
"PF20567","modern"
"PF20568","modern"
"PF20570","modern"
"PF20576","modern"
"PF20580","unclassifiable"
"PF20581","modern"
"PF20583","modern"
"PF20584","modern"
"PF20586","postLUCA"
"PF20587","unclassifiable"
"PF20589","postLUCA"
"PF20597","postLUCA"
"PF20600","modern"
"PF20601","modern"
"PF20603","postLUCA"
"PF20604","postLUCA"
"PF20606","modern"
"PF20611","modern"
"PF20615","modern"
"PF20619","modern"
"PF20620","postLUCA"
