"Non-H₂S-rich Species","H₂S-rich Species"
"Acetobacter orleanensis","Paenibacillus methanolicus"
"Belnapia moabensis","Sulfurospirillum deleyianum"
"Gluconacetobacter liquefaciens","Chlorobaculum thiosulfatiphilum"
"Komagataeibacter kakiaceti","Thiohalocapsa marina"
"Kozakia baliensis","Thiorhodococcus minor"
"Rhodopila globiformis","Thiocapsa rosea"
"Saccharibacter floricola","Thiocystis violascens"
"Acidisphaera rubrifaciens","Desulfurispirillum indicum"
"Roseomonas stagni","Clostridium thiosulfatireducens"
"Granulibacter bethesdensis","Deferribacter desulfuricans"
"Acidaminococcus fermentans","Desulfatibacillum aliphaticivorans"
"Succinispira mobilis","Desulfospira joergensenii"
"Terriglobus saanensis","Desulfotignum phosphitoxidans"
"Granulicella rosea","Desulfobacter curvatus"
"Bryocella elongata","Desulfatiglans anilini"
"Schaalia vaccimaxillae","Desulfobacula phenolica"
"Actinomyces oricola","Desulfococcus multivorans"
"Trueperella bialowiezensis","Desulforegula conservatrix"
"Aeromonas salmonicida subsp. pectinolytica","Desulfosarcina cetonica"
"Oceanimonas baumannii","Desulfatirhabdium butyrativorans"
"Tolumonas auensis","Desulfoluna spongiiphila"
"Alcaligenes faecalis subsp. phenolicus","Desulfobotulus alkaliphilus"
"Brackiella oedipodis","Desulfocapsa sulfexigens"
"Castellaniella caeni","Desulfofustis glycolicus"
"Pusillimonas noertemannii","Desulforhopalus singaporensis"
"Bordetella petrii","Desulfotalea psychrophila"
"Advenella mimigardefordensis","Desulfopila aestuarii"
"Candidimonas nitroreducens","Desulfurivibrio alkaliphilus"
"Kangiella koreensis","Desulfonatronovibrio magnus"
"Alicyclobacillus acidiphilus","Desulfonauticus submarinus"
"Effusibacillus pohliae","Desulfothermus okinawensis"
"Aestuariibacter salexigens","Desulfohalobium retbaense"
"Alishewanella aestuarii","Desulfovermiculus halophilus"
"Alteromonas genovensis","Desulfonatronospira thiodismutans"
"Paraglaciecola polaris","Desulfomicrobium apsheronum"
"Marinimicrobium koreense","Desulfonatronum thiodismutans"
"Marinobacterium halophilum","Desulfocurvus vexinensis"
"Microbulbifer hydrolyticus","Desulfovibrio piger"
"Saccharophagus degradans","Desulfocurvibacter africanus"
"Marinobacter flavimaris","Pseudodesulfovibrio aespoeensis"
"Haliea salexigens","Desulfobaculum xiamenense"
"Pseudohaliea rubra","Desulfurella acetivorans"
"Parahaliea mediterranea","Desulfuromonas thiophila"
"Aliagarivorans marinus","Thioalkalivibrio halophilus"
"Anaerolinea thermophila","Geobacter sulfurreducens"
"Leptolinea tardivitalis","Sulfuricurvum kujiense"
"Levilinea saccharolytica","Sulfurimonas denitrificans"
"Bellilinea caldifistulae","Sulfurovum lithotrophicum"
"Ornatilinea apprima","Methanothermobacter wolfei"
"Hydrogenivirga caldilitoris","Methanobacterium congolense"
"Hydrogenobacter thermophilus","Methanobrevibacter ruminantium"
"Aurantimonas coralicida","Methanosphaera cuniculi"
"Martelella mediterranea","Methanocaldococcus jannaschii"
"Aureimonas ureilytica","Methanotorris igneus"
"Anoxybacillus pushchinoensis","Methanococcus vannielii"
"Viridibacillus arenosi","Methanothermococcus thermolithotrophicus"
"Staphylococcus argensis","Methanocorpusculum bavaricum"
"Microbacterium rhizomatis","Methanoculleus sp."
"Fictibacillus gelatini","Methanogenium cariaci"
"Alkalicoccus saliphilus","Methanolacinia paynteri"
"Bacillus alveayuensis","Methanoplanus limicola"
"Salibacterium qingdaonense","Methanopyrus kandleri"
"Salipaludibacillus neizhouensis","Methanomethylovorans hollandica"
"Alteribacillus iranensis","Methanococcoides burtonii"
"Cerasibacillus quisquiliarum","Methanohalobium evestigatum"
"Halobacillus trueperi","Methanohalophilus halophilus"
"Lentibacillus salicampi","Methanolobus tindarius"
"Marinococcus halophilus","Methanosarcina acetivorans"
"Ornithinibacillus californiensis","Methanospirillum lacunae"
"Paraliobacillus quinghaiensis","Thermodesulfovibrio yellowstonii"
"Pontibacillus chungwhensis","Desulfitobacterium dehalogenans"
"Thalassobacillus devorans","Desulfonispora thiosulfatigenes"
"Vulcanibacillus modesticaldus","Desulfosporosinus meridiei"
"Amphibacillus sediminis","Desulfofarcimen acetoxidans"
"Falsibacillus pallidus","Desulfofundulus kuznetsovii"
"Geobacillus kaustophilus","Desulfallas thermosapovorans"
"Parageobacillus thermantarcticus","Desulfitibacter alkalitolerans"
"Gracilibacillus dipsosauri","Desulfurispora thermophila"
"Virgibacillus necropolis","Thiomicrospira aerophila"
"Jeotgalibacillus campisalis","Thiomicrorhabdus arctica"
"Paucisalibacillus globulus","Pseudonocardia sulfidoxydans"
"Halalkalibacillus halophilus","Sulfitobacter indolifex"
"Terribacillus goriensis","Thioclava pacifica"
"Lysinibacillus odysseyi","Sulfuritalea hydrogenivorans"
"Aquisalibacillus elongatus","Desulfobacca acetoxidans"
"Salsuginibacillus kocurii","Desulfomonile tiedjei"
"Salimicrobium album","Desulfacinum infernum"
"Tumebacillus permanentifrigoris","Thermodesulforhabdus norvegica"
"Sediminibacillus albus","Desulfoglaeba alkanexedens"
"Anaerobacillus alkalidiazotrophicus","Desulfosoma caldarium"
"Calditerricola satsumensis","Desulfovirgula thermocuniculi"
"Psychrobacillus psychrotolerans","Thermodesulfatator indicus"
"Natribacillus halophilus","Thermodesulfobacterium commune"
"Acetomicrobium flavidum","Thermosulfurimonas dismutans"
"Pseudobacteroides cellulosolvens","Thermodesulfobium narugense"
"Bacteroides eggerthii","Thiothrix caldifontis"
"Chelatococcus daeguensis","Desulfarculus baarsii"
"Camelimonas lactis","Desulfurobacterium thermolithotrophum"
"Bifidobacterium boum","Methanocella paludicola"
"Scardovia wiggsiae","Dethiosulfovibrio peptidovorans"
"Aeriscardovia aeriphila","Methanolinea tarda"
"Bombiscardovia coagulans","Methanosphaerula palustris"
"Bogoriella caseilytica","Methanoregula boonei"
"Georgenia ruanii","Thiohalobacter thiocyanaticus"
"Afipia massiliensis","Thiomonas bhubaneswarensis"
"Bradyrhizobium oligotrophicum","Dethiosulfatibacter aminovorans"
"Bosea thiooxidans","Sulfobacillus thermotolerans"
"Rhodoblastus sphagnicola","Thermosulfidibacter takaii"
"Rhodopseudomonas pseudopalustris","Archaeoglobus sulfaticallidus"
"Brevibacterium celere","Desulfuribacillus alkaliarsenatis"
"Pseudochrobactrum saccharolyticum","Methanomassiliicoccus luminyensis"
"Burkholderia pyrrocinia","Natronorubrum sulfidifaciens"
"Paraburkholderia caribensis","Methylophaga aminisulfidivorans"
"Trinickia soli","Desulfatitalea sp."
"Mycetohabitans endofungorum","Dissulfuribacter thermophilus"
"Oharaeibacter diazotrophicus","Sulfurisoma sediminicola"
"Solibacillus kalamii","Desulfocarbo indianensis"
"Cupriavidus taiwanensis","Methanofervidicoccus abyssi"
"Limnobacter thiooxidans","Desulfoplanes formicivorans"
"Pandoraea pulmonicola","Methanosalsum natronophilum"
"Paucimonas lemoignei","Desulfocucumis palustris"
"Polynucleobacter sinensis","Methanonatronarchaeum thermophilum"
"Caldisphaera lagunensis","Sulfodiicoccus acidiphilus"
"Massilia psychrophila","Halanaeroarchaeum sulfurireducens"
"Rhizobium altiplani","Dethiosulfatarculus sandiegensis"
"Spiribacter roseus","Sulfuriferula thiophila"
"Piscinibacter defluvii","Dissulfurirhabdus thermomarina"
"Polaribacter haliotis","Sulfuriflexus mobilis"
"Fervidobacterium thailandense","Halodesulfovibrio spirochaetisodalis"
"Mesorhizobium japonicum","Thermodesulfitimonas autotrophica"
"Thalassotalea euphylliae","Thiopseudomonas denitrificans"
"Paracoccus contaminans","Globicatella sulfidifaciens"
"Pseudohongiella nitratireducens","Thiobaca trueperi"
"Suttonella ornithocola","Desulfobacterium sp."
"Alkalibacterium thalassium","Desulfonema ishimotonii"
"Allofustis seminis","Desulfobulbus elongatus"
"Atopococcus tabaci","Desulfurococcus mucosus"
"Atopostipes suicloacalis","Desulfuromusa kysingii"
"Carnobacterium pleistocenium","Thiohalospira halophila"
"Granulicatella balaenopterae","Thiobacillus denitrificans"
"Trichococcus pasteurii","Blastochloris sulfoviridis"
"Asticcacaulis excentricus","Methanofollis liminatans"
"Brevundimonas bacteroides","Methanothrix soehngenii"
"Cellulomonas biazotea","Methanothermus fervidus"
"Chlorobaculum tepidum","Desulfotomaculum nigrificans"
"Prosthecochloris vibrioformis","Rhodovulum sulfidophilum"
"Winogradskyella arenosi","Thermoanaerobacter thermohydrosulfuricus"
"Roseiflexus castenholzii","Thiohalomonas denitrificans"
"Marichromatium bheemlicum",""
"Rheinheimera pacifica",""
"Flavobacterium sinopsychrotolerans",""
"Chrysiogenes arsenatis",""
"Lactonifactor longoviformis",""
"Natronincola ferrireducens",""
"Oxobacter pfennigii",""
"Tepidimicrobium xylanilyticum",""
"Caloramator proteoclasticus",""
"Caloranaerobacter azorensis",""
"Caminicella sporogenes",""
"Clostridium aceticum",""
"Anaerocolumna aminovalerica",""
"Ruminiclostridium cellobioparum",""
"Lacrimispora indolis",""
"Romboutsia lituseburensis",""
"Hathewaya proteolytica",""
"Gottschalkia purinilytica",""
"Acetoanaerobium sticklandii",""
"Maledivibacter halophilus",""
"Peptoclostridium litorale",""
"Anaerotignum neopropionicum",""
"Thermoclostridium stercorarium",""
"Pseudorhodobacter antarcticus",""
"Paramaledivibacter caminithermalis",""
"Intestinibacter bartlettii",""
"Mediterraneibacter glycyrrhizinilyticus",""
"Enterocloster asparagiformis",""
"Tindallia magadiensis",""
"Alkaliphilus oremlandii",""
"Thermohalobacter berrensis",""
"Geosporobacter subterraneus",""
"Anaerosporobacter mobilis",""
"Clostridiisalibacter paucivorans",""
"Lutispora thermophila",""
"Butyricicoccus pullicaecorum",""
"Proteiniclasticum ruminis",""
"Anaerosalibacter bizertensis",""
"Colwellia aestuarii",""
"Acidovorax valerianellae",""
"Brachymonas chironomi",""
"Comamonas badia",""
"Curvibacter delicatus",""
"Hydrogenophaga taeniospiralis",""
"Malikia granosa",""
"Polaromonas naphthalenivorans",""
"Simplicispira psychrophila",""
"Luteibaculum oceani",""
"Variovorax soli",""
"Xenophilus azovorans",""
"Tepidicella xavieri",""
"Pseudacidovorax intermedius",""
"Caenimonas koreensis",""
"Pseudorhodoferax soli",""
"Limnohabitans curvus",""
"Conexibacter woesei",""
"Atopobium fossor",""
"Collinsella stercoris",""
"Coriobacterium glomerans",""
"Cryptobacterium curtum",""
"Eggerthella sinensis",""
"Olsenella uli",""
"Slackia heliotrinireducens",""
"Adlercreutzia equolifaciens",""
"Paraeggerthella hongkongensis",""
"Gordonibacter pamelaeae",""
"Corynebacterium callunae",""
"Cyclobacterium amurskyense",""
"Sneathiella glossodoripedis",""
"Fluviicola taffensis",""
"Owenweeksia hongkongensis",""
"Adhaeribacter aquaticus",""
"Arcicella aurantiaca",""
"Cytophaga hutchinsonii",""
"Dyadobacter crusticola",""
"Emticicia oligotrophica",""
"Flectobacillus major",""
"Hymenobacter actinosclerus",""
"Leadbetterella byssophila",""
"Microscilla marina",""
"Runella limosa",""
"Spirosoma panaciterrae",""
"Pontibacter roseus",""
"Ekhidna lutea",""
"Rudanella lutea",""
"Fibrella aestuarina",""
"Fibrisoma limi",""
"Pseudarcicella hirudinis",""
"Denitrovibrio acetiphilus",""
"Flexistipes sinusarabici",""
"Geovibrio thiophilus",""
"Deferribacter autotrophicus",""
"Calditerrivibrio nitroreducens",""
"Deinococcus indicus",""
"Brachybacterium alimentarium",""
"Helcobacillus massiliensis",""
"Demetria terragena",""
"Kytococcus aerolatus",""
"Yimella lutea",""
"Barrientosiimonas humi",""
"Kineosphaera limosa",""
"Austwickia chelonae",""
"Hippea jasoniae",""
"Ignicoccus islandicus",""
"Ignisphaera aggregans",""
"Aeropyrum pernix",""
"Staphylothermus hellenicus",""
"Thermosphaera aggregans",""
"Pelobacter propionicus",""
"Dictyoglomus thermophilum",""
"Dietzia kunjamensis",""
"Halorhodospira halochloris",""
"Brenneria nigrifluens",""
"Kosakonia radicincitans",""
"Enterobacter cloacae subsp. dissolvens",""
"Siccibacter turicensis",""
"Erwinia tracheiphila",""
"Rhodovarius lipocyclicus",""
"Sediminitomix flava",""
"Jannaschia donghaensis",""
"Morganella psychrotolerans",""
"Providencia burhodogranariea",""
"Serratia ureilytica",""
"Tatumella citrea",""
"Xenorhabdus nematophila",""
"Yersinia entomophaga",""
"Thorsellia anophelis",""
"Cronobacter malonaticus",""
"Lonsdalea quercina",""
"Tetragenococcus solitarius",""
"Vagococcus lutrae",""
"Enterococcus phoeniculicola",""
"Allobaculum stercoricanis",""
"Bulleidia extructa",""
"Catenibacterium mitsuokai",""
"Holdemania filiformis",""
"Kandleria vitulina",""
"Acetobacterium wieringae",""
"Alkalibacter saccharofermentans",""
"Eubacterium barkeri",""
"Andreesenia angusta",""
"Holdemanella biformis",""
"Faecalicatena contorta",""
"Faecalitalea cylindroides",""
"Anaerobutyricum hallii",""
"Garciella nitratireducens",""
"Ferrimonas marina",""
"Cesiribacter andamanensis",""
"Aequorivita sublithincola",""
"Algibacter lectus",""
"Arenibacter latericius",""
"Capnocytophaga leadbetteri",""
"Cellulophaga algicola",""
"Cloacibacterium normanense",""
"Dokdonia donghaensis",""
"Chryseobacterium tenax",""
"Flaviramulus basaltis",""
"Formosa agariphila",""
"Gaetbulibacter saemankumensis",""
"Aquimarina brevivitae",""
"Gillisia limnaea",""
"Leeuwenhoekiella palythoae",""
"Maribacter orientalis",""
"Mesonia algae",""
"Myroides marinus",""
"Psychroflexus tropicus",""
"Robiginitalea myxolifaciens",""
"Salegentibacter holothuriorum",""
"Tenacibaculum mesophilum",""
"Ulvibacter antarcticus",""
"Zobellia galactanivorans",""
"Bizionia argentinensis",""
"Lutibacter maritimus",""
"Mariniflexile fucanivorans",""
"Nonlabens dokdonensis",""
"Olleya marilimosa",""
"Jejuia pallidilutea",""
"Zeaxanthinibacter enoshimensis",""
"Eudoraea adriatica",""
"Zunongwangia profunda",""
"Joostella marina",""
"Salinimicrobium catena",""
"Hyunsoonleella jejuensis",""
"Muriicola jejuensis",""
"Flagellimonas flava",""
"Pricia antarctica",""
"Imtechella halotolerans",""
"Francisella hispaniensis",""
"Fangia hongkongensis",""
"Fusobacterium ulcerans",""
"Ilyobacter polytropus",""
"Psychrilyobacter atlanticus",""
"Geopsychrobacter electrodiphilus",""
"Geothermobacter ehrlichii",""
"Geobacter metallireducens",""
"Geoalkalibacter ferrihydriticus",""
"Blastococcus aggregatus",""
"Geodermatophilus amargosae",""
"Modestobacter roseus",""
"Glycomyces arizonensis",""
"Stackebrandtia nassauensis",""
"Haloglycomyces albus",""
"Hahella ganghwensis",""
"Halanaerobium congolense",""
"Halarsenatibacter silvermanii",""
"Halomicrobium mukohataei",""
"Halorhabdus tiamatea",""
"Haloterrigena salina",""
"Natrinema pellirubrum",""
"Halorubrum lipolyticum",""
"Natronococcus amylolyticus",""
"Halalkalicoccus jeotgali",""
"Halostagnicola larsenii",""
"Haladaptatus cibarius",""
"Halopiger aswanensis",""
"Halogranum salarium",""
"Halarchaeum acidiphilum",""
"Acetohalobium arabaticum",""
"Halonatronum saccharophilum",""
"Chromohalobacter canadensis",""
"Halotalea alkalilenta",""
"Halomonas eurihalina",""
"Salinicola salarius",""
"Kushneria avicenniae",""
"Helicobacter marmotae",""
"Wolinella succinogenes",""
"Heliophilum fasciatum",""
"Herpetosiphon geysericola",""
"Tepidiphilus succinatimandens",""
"Devosia limi",""
"Rhodoplanes elegans",""
"Maritalea myrionectae",""
"Cucumibacter marinus",""
"Hirschia baltica",""
"Hyphomonas hirschiana",""
"Henriciella marina",""
"Robiginitomaculum antarcticum",""
"Idiomarina loihiensis",""
"Aliidiomarina maris",""
"Intrasporangium chromatireducens",""
"Janibacter hoylei",""
"Knoellia sinensis",""
"Ornithinimicrobium humiphilum",""
"Oryzihumus leptocrescens",""
"Serinicoccus marinus",""
"Terrabacter lapilli",""
"Lapillicoccus jejuensis",""
"Kribbia dieselivorans",""
"Humibacillus xanthopallidus",""
"Marihabitans asiaticum",""
"Ornithinibacter aureus",""
"Jonesia denitrificans",""
"Kineococcus radiotolerans",""
"Quadrisphaera granulorum",""
"Acetitomaculum ruminis",""
"Butyrivibrio crossotus",""
"Frisingicoccus caecimuris",""
"Dorea formicigenerans",""
"Hespellia stercorisuis",""
"Lachnobacterium bovis",""
"Lachnospira multipara",""
"Oribacterium sinus",""
"Parasporobacterium paucivorans",""
"Pseudobutyrivibrio ruminis",""
"Roseburia hominis",""
"Shuttleworthia satelles",""
"Marvinbryantia formatexigens",""
"Cellulosilyticum lentocellum",""
"Lachnoanaerobaculum umeaense",""
"Pediococcus stilesii",""
"Lactobacillus pasteurii",""
"Legionella oakridgensis",""
"Leptospira terpstrae",""
"Leuconostoc gelidum",""
"Weissella halotolerans",""
"Fructobacillus fructosus",""
"Methanimicrococcus blatticola",""
"Neomegalonema perideroedes",""
"Methylobacterium variabile",""
"Microvirga aerophila",""
"Methylohalobius crimeensis",""
"Methylosarcina fibrata",""
"Methylovulum miyakonense",""
"Methylocystis heyeri",""
"Hansschlegelia zhihuaiae",""
"Agreia pratensis",""
"Agrococcus casei",""
"Agromyces ramosus",""
"Cryobacterium psychrophilum",""
"Curtobacterium ammoniigenes",""
"Gulosibacter molinativorax",""
"Leifsonia xyli subsp. cynodontis",""
"Microterricola pindariensis",""
"Leucobacter komagatae",""
"Mycetocola reblochoni",""
"Plantibacter flavus",""
"Pseudoclavibacter helvolus",""
"Rathayibacter iranicus",""
"Salinibacterium amurskyense",""
"Subtercola boreus",""
"Microcella alkaliphila",""
"Rhodoglobus vestalii",""
"Labedella gwakjiensis",""
"Humibacter albus",""
"Frondihabitans australicus",""
"Glaciibacter superstes",""
"Marisediminicola antarctica",""
"Amnibacterium kyonggiense",""
"Herbiconiux ginsengi",""
"Compostimonas suwonensis",""
"Gryllotalpicola ginsengisoli",""
"Acaricomes phytoseiuli",""
"Arthrobacter citreus",""
"Paenarthrobacter nicotinovorans",""
"Pseudarthrobacter chlorophenolicus",""
"Glutamicibacter creatinolyticus",""
"Paeniglutamicibacter gangotriensis",""
"Citricoccus muralis",""
"Kocuria polaris",""
"Micrococcus endophyticus",""
"Nesterenkonia sandarakina",""
"Renibacterium salmoninarum",""
"Zhihengliuella halotolerans",""
"Yaniella halotolerans",""
"Auritidibacter ignavus",""
"Actinoplanes missouriensis",""
"Micromonospora eburnea",""
"Salinispora tropica",""
"Planosporangium flavigriseum",""
"Pseudosporangium ferrugineum",""
"Phytohabitans suffuscus",""
"Acinetobacter bouvetii",""
"Moraxella oblonga",""
"Psychrobacter frigidicola",""
"Paraperlucidibaca baekdonensis",""
"Moritella dasanensis",""
"Mycobacterium intermedium",""
"Hoyosella subflava",""
"Mycoplasma leachii",""
"Lewinella marina",""
"Nakamurella multipartita",""
"Caminibacter mediatlanticus",""
"Nautilia profundicola",""
"Bergeriella denitrificans",""
"Chitinibacter tainanensis",""
"Chromobacterium subtsugae",""
"Formivibrio citricus",""
"Kingella oralis",""
"Neisseria canis",""
"Andreprevotia chitinilytica",""
"Simonsiella muelleri",""
"Vogesella perlucida",""
"Gulbenkiania indica",""
"Leeia oryzae",""
"Pseudogulbenkiania subflava",""
"Gordonia hydrophobica",""
"Millisia brevis",""
"Nocardia alba",""
"Rhodococcus marinonascens",""
"Mobilisporobacter senegalensis",""
"Skermania piniformis",""
"Aeromicrobium marinum",""
"Kribbella jejuensis",""
"Nocardioides oleivorans",""
"Actinopolymorpha singaporensis",""
"Thermasporomyces composti",""
"Allonocardiopsis opalescens",""
"Nocardiopsis kunsanensis",""
"Dinghuibacter silviterrae",""
"Thermobifida halotolerans",""
"Haloactinospora alba",""
"Marinactinospora thermotolerans",""
"Murinocardiopsis flavida",""
"Marinomonas polaris",""
"Marinospirillum celere",""
"Nitrincola lacisaponensis",""
"Thalassolituus oleivorans",""
"Amphritea atlantica",""
"Bermanella marisrubri",""
"Oleiphilus messinensis",""
"Opitutus sp.",""
"Herminiimonas arsenicoxydans",""
"Collimonas fungivorans",""
"Duganella phyllosphaerae",""
"Herbaspirillum lusitanum",""
"Undibacterium pigrum",""
"Brevibacillus choshinensis",""
"Cohnella thermotolerans",""
"Paenibacillus durus",""
"Thermobacillus composti",""
"Saccharibacillus sacchari",""
"Actinobacillus porcinus",""
"Avibacterium endocarditidis",""
"Mannheimia varigena",""
"Pasteurella testudinis",""
"Chelonobacter oris",""
"Otariodibacter oris",""
"Dehalobacter restrictus",""
"Peptococcus niger",""
"Syntrophobotulus glycolicus",""
"Thermincola ferriacetica",""
"Pelotomaculum schinkii",""
"Tepidibacter thalassicus",""
"Anaerosphaera aminiphila",""
"Aquamicrobium defluvii",""
"Hoeflea phototrophica",""
"Methylophaga lonarensis",""
"Singulisphaera acidiphila",""
"Zavarzinella formosa",""
"Kurthia sibirica",""
"Planococcus citreus",""
"Sporosarcina luteola",""
"Bhargavaea beijingensis",""
"Paludibacter propionicigenes",""
"Parabacteroides johnsonii",""
"Porphyromonas asaccharolytica",""
"Proteiniphilum acetatigenes",""
"Dysgonomonas gadei",""
"Barnesiella viscericola",""
"Odoribacter laneus",""
"Butyricimonas synergistica",""
"Prevotella denticola",""
"Paraprevotella clara",""
"Cellulosimicrobium terreum",""
"Isoptericola halotolerans",""
"Myceligenerans xiligouense",""
"Promicromonospora kroppenstedtii",""
"Krasilnikoviella flava",""
"Friedmanniella luteola",""
"Microlunatus phosphovorus",""
"Propionibacterium cyclohexanicum",""
"Propioniferax innocua",""
"Tessaracoccus flavescens",""
"Brooklawnia cerclae",""
"Propionicicella superfundia",""
"Aestuariimicrobium kwangyangense",""
"Auraticoccus monumenti",""
"Propioniciclava tarda",""
"Pseudoalteromonas citrea",""
"Pseudomonas furukawaii",""
"Stenotrophomonas pictorum",""
"Actinoalloteichus spitiensis",""
"Actinokineospora inagensis",""
"Amycolatopsis japonica",""
"Crossiella equi",""
"Kutzneria buriramensis",""
"Lentzea albidocapillata",""
"Prauserella rugosa",""
"Pseudonocardia asaccharolytica",""
"Saccharomonospora cyanea",""
"Saccharopolyspora flava",""
"Saccharothrix variisporea",""
"Actinomycetospora chiangmaiensis",""
"Sciscionella marina",""
"Actinophytocola oryzae",""
"Haloechinothrix alba",""
"Labedaea rhizosphaerae",""
"Pyrolobus fumarii",""
"Hyperthermus butylicus",""
"Pyrodictium occultum",""
"Rarobacter incanus",""
"Kaistia adipata",""
"Akkermansia glycaniphila",""
"Neorhizobium alkalisoli",""
"Gemmobacter nectariphilus",""
"Cereibacter changlensis",""
"Salipiger thiooxidans",""
"Dinoroseobacter shibae",""
"Leisingera aquimarina",""
"Loktanella salsilacus",""
"Yoonia vestfoldensis",""
"Limimaricola pyoseonensis",""
"Nereida ignava",""
"Pseudooceanicola batsensis",""
"Pseudophaeobacter arcticus",""
"Pseudovibrio ascidiaceicola",""
"Rhodothalassium salexigens",""
"Rhodovulum adriaticum",""
"Roseivivax sediminis",""
"Aliiroseovarius crassostreae",""
"Pacificibacter marinus",""
"Rubellimicrobium thermophilum",""
"Epibacterium scottomollicae",""
"Sagittula stellata",""
"Thalassobius mediterraneus",""
"Shimia aestuarii",""
"Rhodobacter aestuarii",""
"Palleronia marisminoris",""
"Rhodobaca barguzinensis",""
"Roseibacterium elongatum",""
"Pseudoruegeria lutimaris",""
"Stappia stellulata",""
"Wenxinia marina",""
"Tranquillimonas alkanivorans",""
"Tropicimonas isoalkanivorans",""
"Tropicibacter naphthalenivorans",""
"Albimonas donghaensis",""
"Phaeobacter italicus",""
"Marivita cryptomonadis",""
"Roseibaca ekhonensis",""
"Pontibaca methylaminivorans",""
"Litoreibacter arenae",""
"Jhaorihella thermophila",""
"Celeribacter halophilus",""
"Planktotalea frisia",""
"Parvibaculum lavamentivorans",""
"Roseospirillum parvum",""
"Lutibaculum baratangense",""
"Azoarcus indigens",""
"Azonexus fungiphilus",""
"Dechloromonas agitata",""
"Propionivibrio dicarboxylicus",""
"Shinella zoogloeoides",""
"Sterolibacterium denitrificans",""
"Thauera linaloolentis",""
"Denitratisoma oestradiolicum",""
"Uliginosibacterium gangwonense",""
"Nisaea denitrificans",""
"Rhodovibrio salinarum",""
"Skermanella aerolata",""
"Thalassospira xiamenensis",""
"Azospirillum thiophilum",""
"Insolitispirillum peregrinum",""
"Fodinicurvata sediminis",""
"Tistlia consotensis",""
"Alistipes putredinis",""
"Rikenella microfusus",""
"Rubrobacter radiotolerans",""
"Sanguibacter antarcticus",""
"Shewanella halifaxensis",""
"Solirubrobacter soli",""
"Sphaerobacter thermophilus",""
"Olivibacter sitiensis",""
"Pedobacter heparinus",""
"Pseudopedobacter saltans",""
"Sphingobacterium faecium",""
"Mucilaginibacter oryzae",""
"Parapedobacter composti",""
"Solitalea koreensis",""
"Blastomonas natatoria",""
"Novosphingobium capsulatum",""
"Sandarakinorhabdus limnophila",""
"Sphingobium herbicidovorans",""
"Sphingomonas parapaucimobilis",""
"Sphingopyxis witflariensis",""
"Sphingosinicella microcystinivorans",""
"Stakelama pacifica",""
"Parasphingopyxis lamellibrachiae",""
"Sediminispirochaeta smaragdinae",""
"Alkalispirochaeta americana",""
"Spirochaeta cellobiosiphila",""
"Treponema bryantii",""
"Sphaerochaeta coccoides",""
"Sinobaca qinghaiensis",""
"Jeotgalicoccus halotolerans",""
"Macrococcus brunensis",""
"Salinicoccus hispanicus",""
"Lactococcus piscium",""
"Streptococcus constellatus",""
"Kitasatospora cineracea",""
"Rickettsia asembonensis",""
"Streptacidiphilus albus",""
"Streptomyces pathocidini",""
"Embleya scabrispora",""
"Flavihumibacter petaseus",""
"Microbispora hainanensis",""
"Nonomuraea solani",""
"Sphaerisporangium album",""
"Anaerobiospirillum thomasii",""
"Ruminobacter amylophilus",""
"Succinimonas amylolytica",""
"Succinivibrio dextrinosolvens",""
"Succinatimonas hippei",""
"Acidianus infernus",""
"Stygiolobus azoricus",""
"Syntrophus gentianae",""
"Syntrophobacter fumaroxidans",""
"Euzebya tangerina",""
"Syntrophomonas wolfei",""
"Thermosyntropha lipolytica",""
"Dethiobacter alkaliphilus",""
"Fervidicola ferrireducens",""
"Meiothermus hypogaeus",""
"Thermus islandicus",""
"Laceyella sediminis",""
"Planifilum fulgidum",""
"Seinonella peptonophila",""
"Desmospora activa",""
"Melghirimyces algeriensis",""
"Ammonifex degensii",""
"Caldanaerobacter subterraneus subsp. yonseiensis",""
"Tepidanaerobacter acetatoxydans",""
"Thermanaeromonas toyohensis",""
"Carboxydothermus hydrogenoformans",""
"Moorella glycerini",""
"Thermoanaerobacter kivui",""
"Caldanaerobius fijiensis",""
"Palaeococcus ferrophilus",""
"Pyrococcus abyssi",""
"Thermococcus celer",""
"Coprothermobacter platensis",""
"Caldanaerovirga acetigignens",""
"Thermofilum pendens",""
"Thermomonospora curvata",""
"Actinomadura atramentaria",""
"Vulcanisaeta distributa",""
"Caldivirga maquilingensis",""
"Pyrobaculum islandicum",""
"Thermoproteus tenax",""
"Marinitoga piezophila",""
"Petrotoga miotherma",""
"Thermosipho melanesiensis",""
"Thermotoga maritima",""
"Pseudothermotoga thermarum",""
"Kosmotoga olearia",""
"Mesotoga prima",""
"Agarivorans albus",""
"Acetonema longum",""
"Allisonella histaminiformans",""
"Anaeroarcus burkinensis",""
"Anaeromusa acidaminophila",""
"Anaerovibrio lipolyticus",""
"Dendrosporobacter quercicolus",""
"Dialister invisus",""
"Megamonas hypermegale",""
"Megasphaera elsdenii",""
"Mitsuokella multacida",""
"Propionispira arboris",""
"Propionispora vibrioides",""
"Selenomonas ruminantium subsp. lactilytica",""
"Thermosinus carboxydivorans",""
"Veillonella caviae",""
"Sporomusa acidovorans",""
"Pelosinus propionicus",""
"Sporolituus thermophilus",""
"Enterovibrio calviensis",""
"Photobacterium ganghwense",""
"Salinivibrio siamensis",""
"Aliivibrio sifiae",""
"Vibrio proteolyticus",""
"Victivallis vadensis",""
"Williamsia muralis",""
"Labrys okinawensis",""
"Pseudoxanthobacter soli",""
"Aquimonas voraii",""
"Arenimonas donghaensis",""
"Dokdonella koreensis",""
"Dyella ginsengisoli",""
"Frateuria terrea",""
"Luteibacter rhizovicinus",""
"Luteimonas mephitis",""
"Lysobacter gummosus",""
"Pseudoxanthomonas broegbernensis",""
"Rhodanobacter spathiphylli",""
"Ignatzschineria larvae",""
"Thermomonas hydrothermalis",""
"Xanthomonas fragariae",""
"Rudaea cellulosilytica",""
"Pseudofulvimonas gallinarii",""
"Patulibacter minatonensis",""
"Caldilinea aerophila",""
"Actinospica acidiphila",""
"Catenulispora acidiphila",""
"Balnearium lithotrophicum",""
"Thermovibrio ammonificans",""
"Phorcysia thermohydrogeniphila",""
"Ktedonobacter racemifer",""
"Coraliomargarita akajimensis",""
"Natranaerobius thermophilus",""
"Methermicoccus shengliensis",""
"Hydrocarboniphaga effusa",""
"Nevskia soli",""
"Steroidobacter denitrificans",""
"Syntrophorhabdus aromaticivorans",""
"Holophaga foetida",""
"Geothrix fermentans",""
"Haloplasma contractile",""
"Acetivibrio ethanolgignens",""
"Papillibacter cinnamivorans",""
"Ruminococcus albus",""
"Blautia obeum",""
"Sporobacter termitidis",""
"Subdoligranulum variabile",""
"Ethanoligenens harbinense",""
"Oscillibacter valericigenes",""
"Hydrogenoanaerobacterium saccharovorans",""
"Nitriliruptor alkaliphilus",""
"Algoriphagus antarcticus",""
"Aquiflexum balticum",""
"Echinicola vietnamensis",""
"Fodinicola feengrottensis",""
"Balneola vulgaris",""
"Chitinophaga arvensicola",""
"Terrimonas ferruginea",""
"Niastella koreensis",""
"Niabella aurantiaca",""
"Segetibacter koreensis",""
"Flavisolibacter ginsengisoli",""
"Filimonas lacunae",""
"Gracilimonas tropica",""
"Aminobacterium colombiense",""
"Aminomonas paucivorans",""
"Thermovirga lienii",""
"Thermanaerovibrio acidaminovorans",""
"Aminiphilus circumscriptus",""
"Cloacibacillus evryensis",""
"Jonquetella anthropi",""
"Salinisphaera hydrothermalis",""
"Rhodothermus profundi",""
"Salisaeta longa",""
"Caldisericum exile",""
"Acidilobus saccharovorans",""
"Ruania albidiflava",""
"Caldicoprobacter oshimai",""
"Anaerophaga thermohalophila",""
"Natronoflexus pectinivorans",""
"Alkalitalea saponilacus",""
"Thermophagus xiamenensis",""
"Ignavibacterium album",""
"Fervidicoccus fontis",""
"Jiangella gansuensis",""
"Haloactinopolyspora alba",""
"Sutterella parvirubra",""
"Parasutterella excrementihominis",""
"Demequina aestuarii",""
"Chthonomonas calidirosea",""
"Rubritalea squalenifaciens",""
"Brachyspira murdochii",""
"Kordiimonas gwangyangensis",""
"Leptotrichia hofstadii",""
"Amorphus coralli",""
"Rhizomicrobium electricum",""
"Elioraea tepidiphila",""
"Sandaracinus amylolyticus",""
"Luteimicrobium subarcticum",""
"Tomitella biformata",""
"Motilibacter peucedani",""
"Sedimenticola selenatireducens",""
"Gilvimarinus chinensis",""
"Simiduia agarivorans",""
"Dasania marina",""
"Umboniibacter marinipuniceus",""
"Marinicella litoralis",""
"Arenicella xantha",""
"Orbus hercynius",""
"Cocleimonas flava",""
"Aquabacterium parvum",""
"Ideonella azotifigens",""
"Aquincola tertiaricarbonis",""
"Inhella inkyongensis",""
"Acidaminobacter hydrogenoformans",""
"Anaerobranca gottschalkii",""
"Anaerococcus lactolyticus",""
"Anaerovorax odorimutans",""
"Carboxydocella thermautotrophica",""
"Mahella australiensis",""
"Mogibacterium timidum",""
"Peptoniphilus indolicus",""
"Sedimentibacter saalensis",""
"Soehngenia saccharolytica",""
"Sporanaerobacter acetigenes",""
"Symbiobacterium thermophilum",""
"Thermosediminibacter oceani",""
"Tissierella creatinini",""
"Caldicellulosiruptor bescii",""
"Thermaerobacter marianensis",""
"Thermoanaerobacterium xylanolyticum",""
"Thermovenabulum gondwanense",""
"Anaerovirgula multivorans",""
"Proteiniborus ethanoligenes",""
"Proteocatella sphenisci",""
"Pseudoflavonifractor capillosus",""
"Syntrophaceticus schinkii",""
"Natranaerovirga pectinivora",""
"Acetatifactor muris",""
"Caldithrix abyssi",""
"Archaeoglobus profundus",""
"Ferroglobus placidus",""
"Geoglobus acetivorans",""
"Exiguobacterium antarcticum",""
"Gemella cuniculi",""
"Thermicanus aegyptius",""
"Phocaeicola abscessus",""
"Oceanotoga teriensis",""
"Ohtaekwangia koreensis",""
"Algiphilus aromaticivorans",""
"Solimonas variicoloris",""
"Brumimicrobium mesophilum",""
"Luteivirga sdotyamensis",""
"Pontimonas salivibrio",""
"Nafulsella turpanensis",""
"Dehalogenimonas alkenigignens",""
"Aureicoccus marinus",""
"Reyranella soli",""
"Mangrovimonas yunxiaonensis",""
"Rubrivirga marina",""
"Rhodomicrobium udaipurense",""
"Oceanobacillus chungangensis",""
"Marinicauda pacifica",""
"Ilumatobacter nonamiensis",""
"Muricauda taeanensis",""
"Hyphomicrobium nitrativorans",""
"Pustulibacterium marinum",""
"Actinotalea ferrariae",""
"Brevifollis gellanilyticus",""
"Caballeronia terrestris",""
"Pararhodospirillum oryzae",""
"Halopenitus malekzadehii",""
"Halopelagius longus",""
"Tenuibacillus multivorans",""
"Acetanaerobacterium elongatum",""
"Mucispirillum schaedleri",""
"Subsaximicrobium wynnwilliamsii",""
"Gelidibacter gilvus",""
"Pilibacter termitis",""
"Roseivirga echinicomitans",""
"Methylobacter tundripaludum",""
"Eikenella sp.",""
"Halovivax asiaticus",""
"Sediminicola luteus",""
"Caldalkalibacillus thermarum",""
"Psychroserpens mesophilus",""
"Halococcus hamelinensis",""
"Natronorubrum aibiense",""
"Neptuniibacter caesariensis",""
"Paraferrimonas sedimenticola",""
"Fulvivirga kasyanovii",""
"Marixanthomonas ophiurae",""
"Tamlana crocina",""
"Altererythrobacter epoxidivorans",""
"Methylorubrum salsuginis",""
"Caenispirillum bisanense",""
"Longilinea arvoryzae",""
"Paenisporosarcina quisquiliarum",""
"Roseateles terrae",""
"Brucella pinnipedialis",""
"Halogeometricum pallidum",""
"Nubsella zeaxanthinifaciens",""
"Croceitalea dokdonensis",""
"Filomicrobium insigne",""
"Nitratireductor basaltis",""
"Lacinutrix mariniflava",""
"Tuwongella immobilis",""
"Anaeroglobus geminatus",""
"Paracraurococcus ruber",""
"Giesbergeria anulus",""
"Fonticella tunisiensis",""
"Keratinibaculum paraultunense",""
"Senegalimassilia anaerobia",""
"Enorma massiliensis",""
"Rudaeicoccus suwonensis",""
"Coprobacillus cateniformis",""
"Pseudozobellia thermophila",""
"Jatrophihabitans endophyticus",""
"Klenkia soli",""
"Stomatobaculum longum",""
"Pleomorphomonas diazotrophica",""
"Alloprevotella rava",""
"Citreimonas salinaria",""
"Thalassococcus halodurans",""
"Pelagimonas varians",""
"Magnetovibrio blakemorei",""
"Thermacetogenium phaeum",""
"Brockia lithotrophica",""
"Anaerospora hongkongensis",""
"Roseimicrobium gellanilyticum",""
"Litorilinea aerophila",""
"Aciduliprofundum boonei",""
"Fontimonas thermophila",""
"Fretibacterium fastidiosum",""
"Humitalea rosea",""
"Zoogloea ramigera",""
"Halioglobus japonicus",""
"Saliterribacillus persicus",""
"Tepidibacillus fermentans",""
"Thermolongibacillus altinsuensis",""
"Alloscardovia macacae",""
"Pseudoscardovia suis",""
"Falsochrobactrum ovis",""
"Pisciglobus halotolerans",""
"Allochromatium palmeri",""
"Thermochromatium tepidum",""
"Fervidicella metallireducens",""
"Youngiibacter fragilis",""
"Hungatella effluvii",""
"Rhodoferax antarcticus",""
"Seleniivibrio woodruffii",""
"Sinomicrobium oceani",""
"Haloferax larsenii",""
"Natronobacterium texcoconense",""
"Eisenbergiella tayi",""
"Methylomarinum vadi",""
"Noviherbaspirillum massiliense",""
"Streptomonospora alba",""
"Fontibacillus panacisegetis",""
"Pseudohoeflea suaedae",""
"Coprobacter fastidiosus",""
"Hallella seregens",""
"Ruegeria denitrificans",""
"Ciceribacter lividus",""
"Roseovarius litoreus",""
"Cognatishimia maritima",""
"Donghicola eburneus",""
"Lutimaribacter saemankumensis",""
"Salinihabitans flavidus",""
"Hasllibacter halocynthiae",""
"Actibacterium mucosum",""
"Planktomarina temperata",""
"Limimonas halophila",""
"Marininema mesophilum",""
"Calderihabitans maritimus",""
"Vulcaniibacterium thermophilum",""
"Belliella pelovolcani",""
"Nitritalea halalkaliphila",""
"Mariniradius saccharolyticus",""
"Actinopolyspora xinjiangensis",""
"Sediminibacterium salmoneum",""
"Aminivibrio pyruvatiphilus",""
"Christensenella minuta",""
"Eilatimonas milleporae",""
"Methyloligella halotolerans",""
"Phreatobacter oligotrophus",""
"Plasticicumulans lactativorans",""
"Neiella marina",""
"Pleionea mediterranea",""
"Vallitalea guaymasensis",""
"Thermoanaerobaculum aquaticum",""
"Mesoaciditoga lauensis",""
"Chryseolinea serpens",""
"Ardenticatena maritima",""
"Pelolinea submarina",""
"Chthoniobacter flavus",""
"Hydrogenispora ethanolica",""
"Natronoarchaeum philippinense",""
"Tardiphaga robiniae",""
"Extensimonas vulgaris",""
"Phytobacter sp.",""
"Lawsonibacter asaccharolyticus",""
"Marinitenerispora sediminis",""
"Nitrosopumilus adriaticus",""
"Sporolactobacillus shoreae",""
"Pelagibaculum spongiae",""
"Phaeodactylibacter luteus",""
"Sedimentisphaera cyanobacteriorum",""
"Ancylobacter pratisalsi",""
"Phenylobacterium deserti",""
"Monoglobus pectinilyticus",""
"Frankia saprophytica",""
"Parolsenella catena",""
"Rubneribacter badeniensis",""
"Enteroscipio rubneri",""
"Ellagibacter isourolithinifaciens",""
"Acidipropionibacterium virtanenii",""
"Desertimonas flava",""
"Kyrpidia spormannii",""
"Mesosutterella multiformis",""
"Pyruvatibacter mobilis",""
"Rufibacter glacialis",""
"Changchengzhania lutea",""
"Oceanibaculum nanhaiense",""
"Marivivens niveibacter",""
"Epidermidibacterium keratini",""
"Phyllobacterium salinisoli",""
"Methylomusa anaerophila",""
"Methyloterricola oryzae",""
"Larkinella knui",""
"Raineya orbicola",""
"Tepidimonas thermarum",""
"Parvibium lacunae",""
"Antarcticibacterium flavum",""
"Aquicoccus porphyridii",""
"Neptunicoccus sediminis",""
"Siphonobacter curvatus",""
"Sansalvadorimonas verongulae",""
"Edwardsiella anguillarum",""
"Actinorugispora endophytica",""
"Herbinix hemicellulosilytica",""
"Limnochorda pilosa",""
"Phytoactinopolyspora endophytica",""
"Anaerobium acetethylicum",""
"Acutalibacter muris",""
"Turicimonas muris",""
"Cuneatibacter caecimuris",""
"Longibaculum muris",""
"Muricomes intestini",""
"Gilliamella apis",""
"Antricoccus suffuscus",""
"Gluconobacter thailandicus",""
"Roseibium denhamense",""
"Carnimonas nigrificans",""
"Paludifilum halophilum",""
"Paraphotobacterium marinum",""
"Kibdelosporangium phytohabitans",""
"Frischella perrara",""
"Neomicrococcus aestuarii",""
"Enterobacillus tribolii",""
"Methylobrevis pamukkalensis",""
"Cephaloticoccus capnophilus",""
"Defluviitalea raffinosedens",""
"Fournierella massiliensis",""
"Faecalimonas umbilicata",""
"Ileibacterium valens",""
"Dubosiella newyorkensis",""
"Luteitalea pratensis",""
"Tibeticola sediminis",""
"Methylomagnum ishizawai",""
"Silvanigrella aquatica",""
"Saonia flava",""
"Monaibacterium marinum",""
"Hydromonas duriensis",""
"Mariniblastus fucicola",""
"Pseudaminobacter manganicus",""
"Nioella sediminis",""
"Agrobacterium salinitolerans",""
"Conservatibacter flavescens",""
"Achromobacter agilis",""
"Taibaiella soli",""
"Merdimonas faecis",""
"Bombella apis",""
"Perlucidibaca aquatica",""
"Anaeromicrobium sediminis",""
"Pararhizobium antarcticum",""
"Oleiagrimonas citrea",""
"Caulobacter rhizosphaerae",""
"Rhizorhabdus dicambivorans",""
"Salinigranum salinum",""
"Cellvibrio japonicus",""
"Thermogemmatispora onikobensis",""
"Cumulibacter manganitolerans",""
"Chengkuizengella sediminis",""
"Domibacillus mangrovi",""
"Dictyobacter aurantiacus",""
"Notoacmeibacter marinus",""
"Mongoliimonas terrestris",""
"Pelagibacterium lentulum",""
"Amylibacter cionae",""
"Puniceibacterium confluentis",""
"Edaphobacter dinghuensis",""
"Catenovulum sediminis",""
"Confluentibacter citreus",""
"Consotaella salsifontis",""
"Croceivirga radicis",""
"Crocinitomix algicola",""
"Elstera cyanobacteriorum",""
"Endozoicomonas acroporae",""
"Occallatibacter savannae",""
"Marispirochaeta aestuarii",""
"Oryzisolibacter propanilivorax",""
"Williamwhitmania taraxaci",""
"Ensifer glycinis",""
"Lentimicrobium saccharophilum",""
"Flavimaricola marinus",""
"Haloparvum sedimenti",""
"Jiulongibacter sediminis",""
"Mycoavidus cysteinexigens",""
"Ornithinicoccus halotolerans",""
"Cnuibacter physcomitrellae",""
"Paraclostridium benzoelyticum",""
"Aquitalea pelogenes",""
"Flexilinea flocculi",""
"Haloimpatiens lingqiaonensis",""
"Flavivirga eckloniae",""
"Sellimonas intestinalis",""
"Agathobacter ruminis",""
"Lachnotalea glycerini",""
"Agarilytica rhodophyticola",""
"Geofilum rhodophaeum",""
"Ramlibacter rhizophilus",""
"Ventosimonas gracilis",""
"Crenalkalicoccus roseus",""
"Maliponia aquimaris",""
"Athalassotoga saccharophila",""
"Pseudoroseicyclus aestuarii",""
"Paludisphaera borealis",""
"Mongoliibacter ruber",""
"Oceaniglobus indicus",""
"Faecalibaculum rodentium",""
"Egicoccus halophilus",""
"Egibacter rhizosphaerae",""
"Thermogladius calderae",""
"Staphylospora marina",""
"Phycicoccus endophyticus",""
"Rhodosalinus sediminis",""
"Lampropedia cohaerens",""
"Dermabacter vaginalis",""
"Caldimicrobium thiodismutans",""
"Aeribacillus composti",""
"Vicingus serpentipes",""
"Oceanivirga salmonicida",""
"Chania multitudinisentens",""
"Abyssicoccus albus",""
"Caenibacillus caldisaponilyticus",""
"Lawsonella clevelandensis",""
"Ruthenibacterium lactatiformans",""
"Pseudobacter ginsenosidimutans",""
"Rhodohalobacter barkolensis",""
"Agathobaculum butyriciproducens",""
"Herbihabitans rhizosphaerae",""
"Proteus columbae",""
"Panacibacter ginsenosidivorans",""
"Anaerosporomusa subterranea",""
"Harryflintia acetispora",""
"Actinocrispum wychmicini",""
"Serpentinicella alkaliphila",""
"Allofrancisella inopinata",""
"Alcanivorax mobilis",""
"Fluviicoccus keumensis",""
"Ahrensia marina",""
"Apibacter mensalis",""
"Marinirhabdus gelatinilytica",""
"Wenyingzhuangia fucanilytica",""
"Oceanihabitans sediminis",""
"Balneicella halophila",""
"Croceicoccus pelagius",""
"Acidobacterium ailaaui",""
"Rhodovastum atsumiense",""
"Salinivirga cyanobacteriivorans",""
"Kineothrix alysoides",""
"Rugosibacter aromaticivorans",""
"Pseudactinotalea terrae",""
"Immundisolibacter cernigliae",""
"Chloroflexus islandicus",""
"Pseudoflavitalea rhizosphaerae",""
"Silicimonas algicola",""
"Flaviflexus salsibiostraticola",""
"Cutibacterium acnes subsp. defendens",""
"Arsenicitalea aurantiaca",""
"Haloprofundus marisrubri",""
"Fimbriiglobus ruber",""
"Roseitalea porphyridii",""
"Arcticibacterium luteifluviistationis",""
"Methyloversatilis thermotolerans",""
"Euzebyella marina",""
"Arachidicoccus ginsenosidivorans",""
"Aliiglaciecola lipolytica",""
"Thalassomonas actiniarum",""
"Pelagibius litoralis",""
"Lacibacter cauensis",""
"Thermotalea metallivorans",""
"Leptobacterium flavescens",""
"Lishizhenia tianjinensis",""
"Cobetia crustatorum",""
"Methylophilus rhizosphaerae",""
"Meridianimaribacter flavus",""
"Luteipulveratus mongoliensis",""
"Indibacter alkaliphilus",""
"Herbidospora daliensis",""
"Thermosporothrix hazakensis",""
"Haloplanus vescus",""
"Miniimonas arenae",""
"Dongia mobilis",""
"Haloarcula salaria",""
"Fodinibius salinus",""
"Kordia algicida",""
"Phaeocystidibacter luteus",""
"Halovenus aranensis",""
"Aureitalea marina",""
"Salinivenus iranica",""
"Halobellus limi",""
"Haloarchaeobius iranensis",""
"Dehalococcoides mccartyi",""
"Oceanisphaera arctica",""
"Cecembia lonarensis",""
"Derxia lacustris",""
"Profundibacterium mesophilum",""
"Neptunomonas qingdaonensis",""
"Roseococcus sp.",""
"Pseudolabrys taiwanensis",""
"Lentisphaera araneosa",""
"Mageeibacillus indolicus",""
"Basilea psittacipulmonis",""
"Melghiribacillus thermohalophilus",""
"Variibacter gotjawalensis",""
"Caldisalinibacter kiritimatiensis",""
"Klebsiella quasipneumoniae",""
"Aminicella lysinilytica",""
"Anaerostipes rhamnosivorans",""
"Frigoribacterium endophyticum",""
"Enhydrobacter aerosaccus",""
"Crenobacter luteus",""
"Reinekea blandensis",""
"Frederiksenia canicola",""
"Maritimibacter alkaliphilus",""
"Halocynthiibacter namhaensis",""
"Mucinivorans hirudinis",""
"Salinispira pacifica",""
"Anaerobacterium chartisolvens",""
"Anoxybacter fermentans",""
"Ezakiella peruensis",""
"Anseongella ginsenosidimutans",""
"Erysipelothrix larvae",""
"Methylocapsa acidiphila",""
"Sinosporangium album",""
"Acidiphilium cryptum",""
"Phascolarctobacterium faecium",""
"Succiniclasticum ruminis",""
"Actinobaculum suis",""
"Actinotignum schaalii",""
"Winkia neuii",""
"Gleimia europaea",""
"Arcanobacterium haemolyticum",""
"Mobiluncus mulieris",""
"Varibaculum cambriense",""
"Abiotrophia defectiva",""
"Aerococcus viridans",""
"Dolosicoccus paucivorans",""
"Eremococcus coleocola",""
"Globicatella sanguinis",""
"Kerstersia gyiorum",""
"Oligella urethralis",""
"Pigmentiphaga kullae",""
"Fulvimarina pelagi",""
"Caldibacillus debilis",""
"Ureibacillus thermosphaericus",""
"Beutenbergia cavernae",""
"Gardnerella vaginalis",""
"Parascardovia denticolens",""
"Wohlfahrtiimonas chitiniclastica",""
"Robbsia andropogonis",""
"Lautropia mirabilis",""
"Ralstonia solanacearum",""
"Campylobacter ureolyticus",""
"Cardiobacterium hominis",""
"Dichelobacter nodosus",""
"Alloiococcus otitis",""
"Desemzia incerta",""
"Oerskovia enterophila",""
"Paraoerskovia marina",""
"Chlorobium limicola",""
"Sarcina sp.",""
"Thermobrachium celere",""
"Clostridioides difficile",""
"Terrisporobacter glycolicus",""
"Paeniclostridium sordellii",""
"Alicycliphilus denitrificans",""
"Delftia acidovorans",""
"Hylemonella gracilis",""
"Denitrobacterium detoxificans",""
"Anaeromyxobacter dehalogenans",""
"Dermacoccus nishinomiyaensis",""
"Dermatophilus congolensis",""
"Bilophila wadsworthia",""
"Malonomonas rubra",""
"Ectothiorhodospira mobilis",""
"Arsenophonus nasoniae",""
"Buttiauxella gaviniae",""
"Cedecea davisae",""
"Citrobacter amalonaticus",""
"Dickeya chrysanthemi",""
"Lelliottia amnigena",""
"Pluralibacter gergoviae",""
"Franconibacter helveticus",""
"Escherichia coli",""
"Shigella sonnei",""
"Grimontia hollisae",""
"Listeria monocytogenes",""
"Plesiomonas shigelloides",""
"Aggregatibacter actinomycetemcomitans",""
"Rodentibacter pneumotropicus",""
"Hafnia alvei",""
"Hydrotalea flava",""
"Pseudescherichia vulneris",""
"Ewingella americana",""
"Kluyvera intermedia",""
"Leclercia adecarboxylata",""
"Moellerella wisconsensis",""
"Obesumbacterium proteus",""
"Pantoea agglomerans",""
"Mixta calida",""
"Pectobacterium carotovorum",""
"Photorhabdus temperata",""
"Rahnella aquatilis",""
"Salmonella enterica",""
"Bavariicoccus seileri",""
"Turicibacter sanguinis",""
"Solobacterium moorei",""
"Sharpea azabuensis",""
"Eggerthia catenaformis",""
"Porphyrobacter tepidarius",""
"Anaerofustis stercorihominis",""
"Pseudoramibacter alactolyticus",""
"Alkalibaculum bacchi",""
"Bergeyella zoohelcum",""
"Elizabethkingia meningoseptica",""
"Empedobacter sp.",""
"Ornithobacterium rhinotracheale",""
"Weeksella virosa",""
"Kriegella aquimaris",""
"Cetobacterium somerae",""
"Zooshikella ganghwensis",""
"Natronomonas moolapensis",""
"Halobacterium salinarum",""
"Halonotius pteroides",""
"Peptoanaerobacter stomatis",""
"Blastochloris viridis",""
"Woodsholea maritima",""
"Arsenicicoccus bolidensis",""
"Terracoccus luteus",""
"Brochothrix thermosphacta",""
"Klugiella xanthotipulae",""
"Pseudoglutamicibacter cumminsii",""
"Rothia kristinae",""
"Aquaspirillum serpens",""
"Conchiformibius kuhniae",""
"Laribacter hongkongensis",""
"Uruburuella suis",""
"Microvirgula aerodenitrificans",""
"Balneatrix alpica",""
"Janthinobacterium lividum",""
"Oxalobacter formigenes",""
"Aneurinibacillus thermoaerophilus",""
"Gallibacterium anatis",""
"Haemophilus influenzae",""
"Bibersteinia trehalosi",""
"Histophilus somni",""
"Basfia succiniciproducens",""
"Sporotomaculum syntrophicum",""
"Peptostreptococcus anaerobius",""
"Aminobacter aminovorans",""
"Chelativorans multitrophicus",""
"Rhodopirellula baltica",""
"Luteococcus japonicus",""
"Naumannella halotolerans",""
"Azotobacter beijerinckii",""
"Allokutzneria albata",""
"Psychromonas ingrahamii",""
"Mameliella alba",""
"Oceanicola granulosus",""
"Pannonibacter phragmitetus",""
"Sediminimonas qiaohouensis",""
"Oceanicella actignis",""
"Rhodobium orientis",""
"Afifella marina",""
"Azospira oryzae",""
"Rhodocyclus tenuis",""
"Novispirillum itersonii",""
"Inquilinus limosus",""
"Nitrospirillum amazonense",""
"Rhodospirillum rubrum",""
"Segniliparus rotundus",""
"Zymomonas mobilis",""
"Nosocomiicoccus ampullae",""
"Faecalicoccus pleomorphus",""
"Streptosporangium roseum",""
"Thermohydrogenium kirishiense",""
"Syntrophothermus lipocalidus",""
"Thermoactinomyces vulgaris",""
"Thermoflavimicrobium dichotomicum",""
"Kroppenstedtia eburnea",""
"Defluviitoga tunisiensis",""
"Truepera radiovictrix",""
"Tsukamurella paurometabola",""
"Centipeda periodontii",""
"Pectinatus cerevisiiphilus",""
"Schwartzia succinivorans",""
"Negativicoccus succinicivorans",""
"Verrucomicrobium spinosum",""
"Lentibacter algarum",""
"Xanthobacter autotrophicus",""
"Azorhizobium caulinodans",""
"Anaerotruncus colihominis",""
"Fastidiosipila sanguinis",""
"Pyramidobacter piscolens",""
"Alkaliflexus imshenetskii",""
"Streptobacillus moniliformis",""
"Sebaldella termitidis",""
"Spongiibacter marinus",""
"Rubrivivax gelatinosus",""
"Finegoldia magna",""
"Helcococcus ovis",""
"Parvimonas micra",""
"Flavonifractor plautii",""
"Rummeliibacillus pycnus",""
"Arcticibacter svalbardensis",""
"Rouxiella chamberiensis",""
"Sneathia sanguinegens",""
"Dolosigranulum pigrum",""
"Sinomonas albida",""
"Robinsoniella peoriensis",""
"Facklamia hominis",""
"Filifactor alocis",""
"Bartonella bacilliformis",""
"Paenalcaligenes hominis",""
"Tersicoccus phoenicis",""
"Dielma fastidiosa",""
"Flammeovirga kamogawensis",""
"Fusicatenibacter saccharivorans",""
"Teredinibacter turnerae",""
"Intestinimonas butyriciproducens",""
"Melissococcus plutonius",""
"Vespertiliibacter pulmonis",""
"Tannerella forsythia",""
"Extibacter muris",""
"Longicatena caecimuris",""
"Muribaculum intestinale",""
"Haematobacter missouriensis",""
"Magnetospirillum sp.",""
"Pseudochelatococcus lubricantis",""
"Caviibacter abscessus",""
"Murimonas intestini",""
"Chitinivibrio alkaliphilus",""
